fold,tool,family,tp,fp,tn,fn,ppv,npv,fpr,fnr,sensitivity,specificity,positive_support,supported
0,codeql,CWE-20,10,1221,5506,262,0.008123476848090982,0.9545769764216366,0.18150735840642188,0.9632352941176471,0.03676470588235294,0.8184926415935782,272,True
0,codeql,CWE-74,541,847,5011,600,0.38976945244956773,0.893067189449296,0.14458859679071356,0.5258545135845749,0.4741454864154251,0.8554114032092864,1141,True
0,codeql,CWE-190,4,6,6881,108,0.4,0.9845471455143797,0.0008712066211703209,0.9642857142857143,0.03571428571428571,0.9991287933788296,112,True
0,codeql,CWE-285,1,24,6742,232,0.04,0.9667335818755377,0.0035471475022169673,0.9957081545064378,0.004291845493562232,0.996452852497783,233,True
0,codeql,CWE-287,34,51,6450,464,0.4,0.9328897888342493,0.007844946931241348,0.9317269076305221,0.06827309236947791,0.9921550530687586,498,True
0,codeql,CWE-311,63,125,6565,246,0.3351063829787234,0.9638819556599618,0.01868460388639761,0.7961165048543689,0.20388349514563106,0.9813153961136024,309,True
0,codeql,CWE-327,188,74,6645,92,0.7175572519083969,0.986344070060858,0.011013543682095549,0.32857142857142857,0.6714285714285714,0.9889864563179045,280,True
0,codeql,CWE-330,178,1,6798,22,0.994413407821229,0.9967741935483871,0.00014708045300779526,0.11,0.89,0.9998529195469922,200,True
0,codeql,CWE-345,25,23,6552,399,0.5208333333333334,0.9425981873111783,0.0034980988593155894,0.9410377358490566,0.0589622641509434,0.9965019011406844,424,True
0,codeql,CWE-400,1,3,6794,201,0.25,0.971265189421015,0.00044137119317345886,0.995049504950495,0.0049504950495049506,0.9995586288068266,202,True
0,codeql,CWE-610,7,3,6782,207,0.7,0.9703820289025612,0.0004421518054532056,0.9672897196261683,0.03271028037383177,0.9995578481945468,214,True
0,codeql,CWE-668,13,463,5659,864,0.0273109243697479,0.8675456078491491,0.07562887945115976,0.9851767388825542,0.014823261117445839,0.9243711205488403,877,True
0,codeql,CWE-706,10,17,6744,228,0.37037037037037035,0.9672977624784854,0.0025144209436473892,0.957983193277311,0.04201680672268908,0.9974855790563526,238,True
0,codeql,CWE-913,1,1,6912,85,0.5,0.9878519365442332,0.00014465499783017504,0.9883720930232558,0.011627906976744186,0.9998553450021698,86,True
0,codeql,CWE-923,0,1,6733,265,0.0,0.9621320377250643,0.0001485001485001485,1.0,0.0,0.9998514998514999,265,True
0,joern,CWE-20,0,0,6727,272,,0.9611373053293327,0.0,1.0,0.0,1.0,272,False
0,joern,CWE-74,0,0,5858,1141,,0.8369767109587084,0.0,1.0,0.0,1.0,1141,False
0,joern,CWE-190,0,0,6887,112,,0.983997713959137,0.0,1.0,0.0,1.0,112,False
0,joern,CWE-285,0,0,6766,233,,0.9667095299328475,0.0,1.0,0.0,1.0,233,False
0,joern,CWE-287,0,0,6501,498,,0.9288469781397343,0.0,1.0,0.0,1.0,498,False
0,joern,CWE-311,0,0,6690,309,,0.9558508358336906,0.0,1.0,0.0,1.0,309,False
0,joern,CWE-327,19,4,6715,261,0.8260869565217391,0.9625860091743119,0.0005953266855186784,0.9321428571428572,0.06785714285714285,0.9994046733144814,280,True
0,joern,CWE-330,0,0,6799,200,,0.9714244892127447,0.0,1.0,0.0,1.0,200,False
0,joern,CWE-345,0,0,6575,424,,0.9394199171310187,0.0,1.0,0.0,1.0,424,False
0,joern,CWE-400,0,0,6797,202,,0.9711387341048722,0.0,1.0,0.0,1.0,202,False
0,joern,CWE-610,0,0,6785,214,,0.9694242034576368,0.0,1.0,0.0,1.0,214,False
0,joern,CWE-668,0,0,6122,877,,0.8746963851978854,0.0,1.0,0.0,1.0,877,False
0,joern,CWE-706,0,0,6761,238,,0.9659951421631662,0.0,1.0,0.0,1.0,238,False
0,joern,CWE-913,0,0,6913,86,,0.9877125303614802,0.0,1.0,0.0,1.0,86,False
0,joern,CWE-923,0,0,6734,265,,0.9621374482068867,0.0,1.0,0.0,1.0,265,False
0,semgrep,CWE-20,0,0,6727,272,,0.9611373053293327,0.0,1.0,0.0,1.0,272,False
0,semgrep,CWE-74,657,537,5321,484,0.550251256281407,0.9166236003445306,0.09166951177876409,0.42418930762489043,0.5758106923751095,0.908330488221236,1141,True
0,semgrep,CWE-190,0,0,6887,112,,0.983997713959137,0.0,1.0,0.0,1.0,112,False
0,semgrep,CWE-285,1,66,6700,232,0.014925373134328358,0.966532025389498,0.00975465563109666,0.9957081545064378,0.004291845493562232,0.9902453443689033,233,True
0,semgrep,CWE-287,5,1,6500,493,0.8333333333333334,0.9295009295009296,0.00015382248884786957,0.9899598393574297,0.010040160642570281,0.9998461775111521,498,True
0,semgrep,CWE-311,144,226,6464,165,0.3891891891891892,0.9751093679287977,0.03378176382660687,0.5339805825242718,0.46601941747572817,0.9662182361733931,309,True
0,semgrep,CWE-327,99,31,6688,181,0.7615384615384615,0.9736497306740428,0.004613781812769758,0.6464285714285715,0.3535714285714286,0.9953862181872303,280,True
0,semgrep,CWE-330,178,11,6788,22,0.9417989417989417,0.996769456681351,0.001617884983085748,0.11,0.89,0.9983821150169142,200,True
0,semgrep,CWE-345,0,10,6565,424,0.0,0.9393332379453427,0.001520912547528517,1.0,0.0,0.9984790874524715,424,True
0,semgrep,CWE-400,0,0,6797,202,,0.9711387341048722,0.0,1.0,0.0,1.0,202,False
0,semgrep,CWE-610,76,38,6747,138,0.6666666666666666,0.9799564270152505,0.005600589535740604,0.6448598130841121,0.35514018691588783,0.9943994104642594,214,True
0,semgrep,CWE-668,0,1,6121,877,0.0,0.8746784795655902,0.0001633453119895459,1.0,0.0,0.9998366546880104,877,True
0,semgrep,CWE-706,94,114,6647,144,0.4519230769230769,0.9787954645854808,0.01686141103387073,0.6050420168067226,0.3949579831932773,0.9831385889661293,238,True
0,semgrep,CWE-913,20,42,6871,66,0.3225806451612903,0.9904858007784345,0.006075509908867351,0.7674418604651163,0.23255813953488372,0.9939244900911326,86,True
0,semgrep,CWE-923,0,0,6734,265,,0.9621374482068867,0.0,1.0,0.0,1.0,265,False
1,codeql,CWE-20,12,1248,5478,260,0.009523809523809525,0.9546880446148484,0.1855486173059768,0.9558823529411765,0.04411764705882353,0.8144513826940232,272,True
1,codeql,CWE-74,555,849,5008,586,0.3952991452991453,0.895244905255631,0.14495475499402424,0.5135845749342682,0.4864154250657318,0.8550452450059758,1141,True
1,codeql,CWE-190,2,3,6883,110,0.4,0.9842699842699842,0.00043566656985187334,0.9821428571428571,0.017857142857142856,0.9995643334301482,112,True
1,codeql,CWE-285,1,23,6742,232,0.041666666666666664,0.9667335818755377,0.003399852180339985,0.9957081545064378,0.004291845493562232,0.99660014781966,233,True
1,codeql,CWE-287,38,55,6445,460,0.40860215053763443,0.9333816075307748,0.008461538461538461,0.9236947791164659,0.07630522088353414,0.9915384615384616,498,True
1,codeql,CWE-311,64,114,6576,244,0.3595505617977528,0.9642228739002933,0.017040358744394617,0.7922077922077922,0.2077922077922078,0.9829596412556054,308,True
1,codeql,CWE-327,190,57,6661,90,0.7692307692307693,0.9866686416827136,0.00848466805596904,0.32142857142857145,0.6785714285714286,0.991515331944031,280,True
1,codeql,CWE-330,175,0,6798,25,1.0,0.9963359226146856,0.0,0.125,0.875,1.0,200,True
1,codeql,CWE-345,25,18,6556,399,0.5813953488372093,0.9426312005751258,0.0027380590203833284,0.9410377358490566,0.0589622641509434,0.9972619409796166,424,True
1,codeql,CWE-400,1,3,6794,200,0.25,0.9714040606233915,0.00044137119317345886,0.9950248756218906,0.004975124378109453,0.9995586288068266,201,True
1,codeql,CWE-610,6,6,6779,207,0.5,0.9703693100486688,0.0008843036109064112,0.971830985915493,0.028169014084507043,0.9991156963890936,213,True
1,codeql,CWE-668,16,469,5652,861,0.032989690721649485,0.8678028558268079,0.07662146708054239,0.9817559863169898,0.018244013683010263,0.9233785329194576,877,True
1,codeql,CWE-706,13,19,6741,225,0.40625,0.9677002583979328,0.0028106508875739645,0.9453781512605042,0.0546218487394958,0.9971893491124261,238,True
1,codeql,CWE-913,0,2,6911,85,0.0,0.9878502001143511,0.0002893099956603501,1.0,0.0,0.9997106900043397,85,True
1,codeql,CWE-923,0,1,6732,265,0.0,0.9621266256967271,0.0001485222040695084,1.0,0.0,0.9998514777959305,265,True
1,joern,CWE-20,0,0,6726,272,,0.9611317519291226,0.0,1.0,0.0,1.0,272,False
1,joern,CWE-74,0,0,5857,1141,,0.8369534152615032,0.0,1.0,0.0,1.0,1141,False
1,joern,CWE-190,0,0,6886,112,,0.9839954272649328,0.0,1.0,0.0,1.0,112,False
1,joern,CWE-285,0,0,6765,233,,0.9667047727922263,0.0,1.0,0.0,1.0,233,False
1,joern,CWE-287,0,0,6500,498,,0.9288368105172906,0.0,1.0,0.0,1.0,498,False
1,joern,CWE-311,0,0,6690,308,,0.9559874249785653,0.0,1.0,0.0,1.0,308,False
1,joern,CWE-327,17,4,6714,263,0.8095238095238095,0.9623047154937653,0.0005954153021732659,0.9392857142857143,0.060714285714285714,0.9994045846978268,280,True
1,joern,CWE-330,0,0,6798,200,,0.9714204058302373,0.0,1.0,0.0,1.0,200,False
1,joern,CWE-345,0,0,6574,424,,0.9394112603601029,0.0,1.0,0.0,1.0,424,False
1,joern,CWE-400,0,0,6797,201,,0.9712775078593884,0.0,1.0,0.0,1.0,201,False
1,joern,CWE-610,0,0,6785,213,,0.9695627322092026,0.0,1.0,0.0,1.0,213,False
1,joern,CWE-668,0,0,6121,877,,0.8746784795655902,0.0,1.0,0.0,1.0,877,False
1,joern,CWE-706,0,0,6760,238,,0.9659902829379823,0.0,1.0,0.0,1.0,238,False
1,joern,CWE-913,0,0,6913,85,,0.9878536724778508,0.0,1.0,0.0,1.0,85,False
1,joern,CWE-923,0,0,6733,265,,0.9621320377250643,0.0,1.0,0.0,1.0,265,False
1,semgrep,CWE-20,0,0,6726,272,,0.9611317519291226,0.0,1.0,0.0,1.0,272,False
1,semgrep,CWE-74,655,534,5323,486,0.5508830950378469,0.9163367188844895,0.0911729554379375,0.4259421560035057,0.5740578439964943,0.9088270445620625,1141,True
1,semgrep,CWE-190,0,0,6886,112,,0.9839954272649328,0.0,1.0,0.0,1.0,112,False
1,semgrep,CWE-285,0,62,6703,233,0.0,0.9664071510957324,0.009164818920916482,1.0,0.0,0.9908351810790835,233,True
1,semgrep,CWE-287,7,1,6499,491,0.875,0.9297567954220315,0.00015384615384615385,0.9859437751004017,0.014056224899598393,0.9998461538461538,498,True
1,semgrep,CWE-311,144,220,6470,164,0.3956043956043956,0.9752788664455834,0.03288490284005979,0.5324675324675324,0.4675324675324675,0.9671150971599403,308,True
1,semgrep,CWE-327,99,29,6689,181,0.7734375,0.9736535662299854,0.004316760940756177,0.6464285714285715,0.3535714285714286,0.9956832390592438,280,True
1,semgrep,CWE-330,174,16,6782,26,0.9157894736842105,0.9961809635722679,0.0023536334215945864,0.13,0.87,0.9976463665784054,200,True
1,semgrep,CWE-345,0,10,6564,424,0.0,0.9393245563823698,0.0015211439002129601,1.0,0.0,0.998478856099787,424,True
1,semgrep,CWE-400,0,0,6797,201,,0.9712775078593884,0.0,1.0,0.0,1.0,201,False
1,semgrep,CWE-610,75,42,6743,138,0.6410256410256411,0.9799447754686819,0.006190125276344879,0.647887323943662,0.352112676056338,0.9938098747236551,213,True
1,semgrep,CWE-668,0,1,6120,877,0.0,0.8746605688152065,0.00016337199803953602,1.0,0.0,0.9998366280019605,877,True
1,semgrep,CWE-706,104,116,6644,134,0.4727272727272727,0.9802301563883151,0.017159763313609466,0.5630252100840336,0.4369747899159664,0.9828402366863905,238,True
1,semgrep,CWE-913,22,39,6874,63,0.36065573770491804,0.9909182643794148,0.0056415449153768265,0.7411764705882353,0.25882352941176473,0.9943584550846232,85,True
1,semgrep,CWE-923,0,0,6733,265,,0.9621320377250643,0.0,1.0,0.0,1.0,265,False
2,codeql,CWE-20,10,1236,5471,262,0.008025682182985553,0.9542996685853828,0.18428507529446847,0.9632352941176471,0.03676470588235294,0.8157149247055315,272,True
2,codeql,CWE-74,552,824,5013,590,0.4011627906976744,0.8946992682491522,0.1411684084289875,0.5166374781085814,0.48336252189141854,0.8588315915710125,1142,True
2,codeql,CWE-190,4,6,6861,108,0.4,0.9845027981058976,0.0008737439930100481,0.9642857142857143,0.03571428571428571,0.9991262560069899,112,True
2,codeql,CWE-285,1,23,6723,232,0.041666666666666664,0.9666427030913012,0.003409427809072043,0.9957081545064378,0.004291845493562232,0.996590572190928,233,True
2,codeql,CWE-287,38,57,6423,461,0.4,0.9330331202789076,0.008796296296296297,0.9238476953907816,0.07615230460921844,0.9912037037037037,499,True
2,codeql,CWE-311,56,122,6548,253,0.3146067415730337,0.9627995882958389,0.018290854572713643,0.8187702265372169,0.18122977346278318,0.9817091454272864,309,True
2,codeql,CWE-327,186,70,6629,94,0.7265625,0.986018146660717,0.01044932079414838,0.3357142857142857,0.6642857142857143,0.9895506792058516,280,True
2,codeql,CWE-330,175,1,6778,25,0.9943181818181818,0.9963251506688225,0.0001475143826523086,0.125,0.875,0.9998524856173477,200,True
2,codeql,CWE-345,25,21,6534,399,0.5434782608695652,0.9424491562094331,0.003203661327231121,0.9410377358490566,0.0589622641509434,0.9967963386727688,424,True
2,codeql,CWE-400,0,4,6773,202,0.0,0.9710394265232974,0.0005902316659288771,1.0,0.0,0.9994097683340711,202,True
2,codeql,CWE-610,4,7,6758,210,0.36363636363636365,0.9698622273249139,0.0010347376201034738,0.9813084112149533,0.018691588785046728,0.9989652623798966,214,True
2,codeql,CWE-668,15,466,5635,863,0.031185031185031187,0.8671899045860265,0.07638092116046549,0.9829157175398633,0.017084282460136675,0.9236190788395345,878,True
2,codeql,CWE-706,11,20,6720,228,0.3548387096774194,0.9671848013816926,0.002967359050445104,0.9539748953974896,0.04602510460251046,0.9970326409495549,239,True
2,codeql,CWE-913,1,2,6892,84,0.3333333333333333,0.9879587155963303,0.0002901073397156948,0.9882352941176471,0.011764705882352941,0.9997098926602843,85,True
2,codeql,CWE-923,0,0,6714,265,,0.9620289439747814,0.0,1.0,0.0,1.0,265,False
2,joern,CWE-20,0,0,6707,272,,0.9610259349477003,0.0,1.0,0.0,1.0,272,False
2,joern,CWE-74,0,0,5837,1142,,0.8363662415818885,0.0,1.0,0.0,1.0,1142,False
2,joern,CWE-190,0,0,6867,112,,0.9839518555667001,0.0,1.0,0.0,1.0,112,False
2,joern,CWE-285,0,0,6746,233,,0.9666141280985815,0.0,1.0,0.0,1.0,233,False
2,joern,CWE-287,0,0,6480,499,,0.9284997850694942,0.0,1.0,0.0,1.0,499,False
2,joern,CWE-311,0,0,6670,309,,0.9557243158045565,0.0,1.0,0.0,1.0,309,False
2,joern,CWE-327,18,4,6695,262,0.8181818181818182,0.962340089118873,0.0005971040453799074,0.9357142857142857,0.06428571428571428,0.9994028959546201,280,True
2,joern,CWE-330,0,0,6779,200,,0.9713425992262502,0.0,1.0,0.0,1.0,200,False
2,joern,CWE-345,0,0,6555,424,,0.9392463103596503,0.0,1.0,0.0,1.0,424,False
2,joern,CWE-400,0,0,6777,202,,0.9710560252185126,0.0,1.0,0.0,1.0,202,False
2,joern,CWE-610,0,0,6765,214,,0.9693365811720877,0.0,1.0,0.0,1.0,214,False
2,joern,CWE-668,0,0,6101,878,,0.8741940106032383,0.0,1.0,0.0,1.0,878,False
2,joern,CWE-706,0,0,6740,239,,0.965754406075369,0.0,1.0,0.0,1.0,239,False
2,joern,CWE-913,0,0,6894,85,,0.9878206046711563,0.0,1.0,0.0,1.0,85,False
2,joern,CWE-923,0,0,6714,265,,0.9620289439747814,0.0,1.0,0.0,1.0,265,False
2,semgrep,CWE-20,0,0,6707,272,,0.9610259349477003,0.0,1.0,0.0,1.0,272,False
2,semgrep,CWE-74,655,519,5318,487,0.5579216354344123,0.9161068044788975,0.08891553880418022,0.4264448336252189,0.5735551663747811,0.9110844611958198,1142,True
2,semgrep,CWE-190,0,0,6867,112,,0.9839518555667001,0.0,1.0,0.0,1.0,112,False
2,semgrep,CWE-285,1,63,6683,232,0.015625,0.9664497469269704,0.009338867477023421,0.9957081545064378,0.004291845493562232,0.9906611325229766,233,True
2,semgrep,CWE-287,5,1,6479,494,0.8333333333333334,0.9291553133514986,0.00015432098765432098,0.9899799599198397,0.01002004008016032,0.9998456790123457,499,True
2,semgrep,CWE-311,136,218,6452,173,0.384180790960452,0.9738867924528302,0.032683658170914544,0.5598705501618123,0.4401294498381877,0.9673163418290854,309,True
2,semgrep,CWE-327,97,30,6669,183,0.7637795275590551,0.973292469352014,0.0044782803403493054,0.6535714285714286,0.3464285714285714,0.9955217196596506,280,True
2,semgrep,CWE-330,174,18,6761,26,0.90625,0.9961691468984823,0.002655258887741555,0.13,0.87,0.9973447411122585,200,True
2,semgrep,CWE-345,0,10,6545,424,0.0,0.9391591333046349,0.0015255530129672007,1.0,0.0,0.9984744469870328,424,True
2,semgrep,CWE-400,0,0,6777,202,,0.9710560252185126,0.0,1.0,0.0,1.0,202,False
2,semgrep,CWE-610,74,47,6718,140,0.6115702479338843,0.9795858850976962,0.006947524020694752,0.6542056074766355,0.34579439252336447,0.9930524759793052,214,True
2,semgrep,CWE-668,0,0,6101,878,,0.8741940106032383,0.0,1.0,0.0,1.0,878,False
2,semgrep,CWE-706,103,101,6639,136,0.5049019607843137,0.9799261992619926,0.014985163204747775,0.5690376569037657,0.4309623430962343,0.9850148367952523,239,True
2,semgrep,CWE-913,22,39,6855,63,0.36065573770491804,0.9908933217692975,0.005657093124456049,0.7411764705882353,0.25882352941176473,0.9943429068755439,85,True
2,semgrep,CWE-923,0,0,6714,265,,0.9620289439747814,0.0,1.0,0.0,1.0,265,False
3,codeql,CWE-20,8,1212,5497,264,0.006557377049180328,0.9541746224613782,0.18065285437472053,0.9705882352941176,0.029411764705882353,0.8193471456252794,272,True
3,codeql,CWE-74,528,848,4991,614,0.38372093023255816,0.8904549509366637,0.14523034766227094,0.5376532399299475,0.46234676007005254,0.8547696523377291,1142,True
3,codeql,CWE-190,3,4,6865,109,0.42857142857142855,0.9843705190708345,0.0005823263939438055,0.9732142857142857,0.026785714285714284,0.9994176736060562,112,True
3,codeql,CWE-285,0,23,6726,232,0.0,0.966657085369359,0.0034079122833012296,1.0,0.0,0.9965920877166987,232,True
3,codeql,CWE-287,35,58,6425,463,0.3763440860215054,0.9327816492450639,0.008946475397192658,0.929718875502008,0.07028112449799197,0.9910535246028074,498,True
3,codeql,CWE-311,61,117,6555,248,0.34269662921348315,0.96354549463472,0.01753597122302158,0.8025889967637541,0.19741100323624594,0.9824640287769785,309,True
3,codeql,CWE-327,197,63,6638,83,0.7576923076923077,0.9876506472251153,0.009401581853454709,0.29642857142857143,0.7035714285714286,0.9905984181465453,280,True
3,codeql,CWE-330,174,1,6780,26,0.9942857142857143,0.9961798413164854,0.0001474708745022858,0.13,0.87,0.9998525291254977,200,True
3,codeql,CWE-345,25,16,6541,399,0.6097560975609756,0.942507204610951,0.002440140308067714,0.9410377358490566,0.0589622641509434,0.9975598596919323,424,True
3,codeql,CWE-400,1,3,6777,200,0.25,0.9713343844059051,0.0004424778761061947,0.9950248756218906,0.004975124378109453,0.9995575221238938,201,True
3,codeql,CWE-610,5,7,6761,208,0.4166666666666667,0.9701535370928397,0.0010342789598108747,0.9765258215962441,0.023474178403755867,0.9989657210401891,213,True
3,codeql,CWE-668,13,462,5641,865,0.02736842105263158,0.8670458038733477,0.07570047517614288,0.9851936218678815,0.014806378132118452,0.9242995248238571,878,True
3,codeql,CWE-706,15,23,6720,223,0.39473684210526316,0.9678813193144175,0.0034109446833753524,0.9369747899159664,0.06302521008403361,0.9965890553166247,238,True
3,codeql,CWE-913,1,2,6893,85,0.3333333333333333,0.9878188592719978,0.000290065264684554,0.9883720930232558,0.011627906976744186,0.9997099347353154,86,True
3,codeql,CWE-923,0,1,6716,264,0.0,0.9621776504297994,0.00014887598630340925,1.0,0.0,0.9998511240136966,264,True
3,joern,CWE-20,0,0,6709,272,,0.9610371007019052,0.0,1.0,0.0,1.0,272,False
3,joern,CWE-74,0,0,5839,1142,,0.8364131213293224,0.0,1.0,0.0,1.0,1142,False
3,joern,CWE-190,0,0,6869,112,,0.9839564532301962,0.0,1.0,0.0,1.0,112,False
3,joern,CWE-285,0,0,6749,232,,0.9667669388339779,0.0,1.0,0.0,1.0,232,False
3,joern,CWE-287,0,0,6483,498,,0.928663515255694,0.0,1.0,0.0,1.0,498,False
3,joern,CWE-311,0,0,6672,309,,0.9557370004297379,0.0,1.0,0.0,1.0,309,False
3,joern,CWE-327,18,3,6698,262,0.8571428571428571,0.9623563218390805,0.0004476943739740337,0.9357142857142857,0.06428571428571428,0.9995523056260259,280,True
3,joern,CWE-330,0,0,6781,200,,0.9713508093396361,0.0,1.0,0.0,1.0,200,False
3,joern,CWE-345,0,0,6557,424,,0.9392637158000287,0.0,1.0,0.0,1.0,424,False
3,joern,CWE-400,0,0,6780,201,,0.9712075633863343,0.0,1.0,0.0,1.0,201,False
3,joern,CWE-610,0,0,6768,213,,0.9694886119467125,0.0,1.0,0.0,1.0,213,False
3,joern,CWE-668,0,0,6103,878,,0.8742300530010028,0.0,1.0,0.0,1.0,878,False
3,joern,CWE-706,0,0,6743,238,,0.965907463114167,0.0,1.0,0.0,1.0,238,False
3,joern,CWE-913,0,0,6895,86,,0.9876808480160435,0.0,1.0,0.0,1.0,86,False
3,joern,CWE-923,0,0,6717,264,,0.9621830683283197,0.0,1.0,0.0,1.0,264,False
3,semgrep,CWE-20,0,0,6709,272,,0.9610371007019052,0.0,1.0,0.0,1.0,272,False
3,semgrep,CWE-74,640,546,5293,502,0.5396290050590219,0.9133735979292493,0.0935091625278301,0.4395796847635727,0.5604203152364273,0.9064908374721699,1142,True
3,semgrep,CWE-190,0,0,6869,112,,0.9839564532301962,0.0,1.0,0.0,1.0,112,False
3,semgrep,CWE-285,1,57,6692,231,0.017241379310344827,0.9666329625884732,0.008445695658616092,0.9956896551724138,0.004310344827586207,0.9915543043413839,232,True
3,semgrep,CWE-287,7,0,6483,491,1.0,0.9295956409521078,0.0,0.9859437751004017,0.014056224899598393,1.0,498,True
3,semgrep,CWE-311,141,221,6451,168,0.38950276243093923,0.9746185224354132,0.03312350119904077,0.5436893203883495,0.4563106796116505,0.9668764988009593,309,True
3,semgrep,CWE-327,101,26,6675,179,0.7952755905511811,0.9738838634374088,0.003880017907774959,0.6392857142857142,0.3607142857142857,0.9961199820922251,280,True
3,semgrep,CWE-330,173,17,6764,27,0.9105263157894737,0.9960241496097777,0.0025070048665388586,0.135,0.865,0.9974929951334611,200,True
3,semgrep,CWE-345,0,7,6550,424,0.0,0.9392027530828793,0.001067561384779625,1.0,0.0,0.9989324386152204,424,True
3,semgrep,CWE-400,0,0,6780,201,,0.9712075633863343,0.0,1.0,0.0,1.0,201,False
3,semgrep,CWE-610,70,47,6721,143,0.5982905982905983,0.9791666666666666,0.006944444444444444,0.6713615023474179,0.3286384976525822,0.9930555555555556,213,True
3,semgrep,CWE-668,0,1,6102,878,0.0,0.8742120343839541,0.00016385384237260363,1.0,0.0,0.9998361461576274,878,True
3,semgrep,CWE-706,108,112,6631,130,0.4909090909090909,0.9807720751368141,0.01660981758861041,0.5462184873949579,0.453781512605042,0.9833901824113895,238,True
3,semgrep,CWE-913,19,40,6855,67,0.3220338983050847,0.9903207165559087,0.005801305293691081,0.7790697674418605,0.22093023255813954,0.994198694706309,86,True
3,semgrep,CWE-923,0,0,6717,264,,0.9621830683283197,0.0,1.0,0.0,1.0,264,False
4,codeql,CWE-20,12,1263,5460,260,0.009411764705882352,0.9545454545454546,0.18786256135653726,0.9558823529411765,0.04411764705882353,0.8121374386434628,272,True
4,codeql,CWE-74,560,868,4985,582,0.39215686274509803,0.895455361954374,0.14830001708525542,0.5096322241681261,0.4903677758318739,0.8516999829147446,1142,True
4,codeql,CWE-190,3,5,6878,109,0.375,0.9843995992557607,0.000726427429899753,0.9732142857142857,0.026785714285714284,0.9992735725701003,112,True
4,codeql,CWE-285,1,23,6739,232,0.041666666666666664,0.9667192655286185,0.003401360544217687,0.9957081545064378,0.004291845493562232,0.9965986394557823,233,True
4,codeql,CWE-287,27,55,6441,472,0.32926829268292684,0.9317228410241574,0.008466748768472906,0.9458917835671342,0.05410821643286573,0.9915332512315271,499,True
4,codeql,CWE-311,68,114,6572,241,0.37362637362637363,0.9646264494349038,0.017050553395154055,0.7799352750809061,0.22006472491909385,0.982949446604846,309,True
4,codeql,CWE-327,199,68,6647,81,0.7453183520599251,0.9879607609988109,0.010126582278481013,0.2892857142857143,0.7107142857142857,0.9898734177215189,280,True
4,codeql,CWE-330,174,1,6794,26,0.9942857142857143,0.9961876832844575,0.00014716703458425313,0.13,0.87,0.9998528329654157,200,True
4,codeql,CWE-345,28,18,6553,396,0.6086956521739131,0.9430133832206072,0.0027393090853751333,0.9339622641509434,0.0660377358490566,0.9972606909146249,424,True
4,codeql,CWE-400,1,3,6790,201,0.25,0.9712487483907881,0.00044163109082879436,0.995049504950495,0.0049504950495049506,0.9995583689091712,202,True
4,codeql,CWE-610,6,5,6776,208,0.5454545454545454,0.9702176403207331,0.000737354372511429,0.9719626168224299,0.028037383177570093,0.9992626456274886,214,True
4,codeql,CWE-668,15,472,5645,863,0.030800821355236138,0.8673939766441303,0.07716200752002615,0.9829157175398633,0.017084282460136675,0.9228379924799739,878,True
4,codeql,CWE-706,15,17,6739,224,0.46875,0.9678299583512854,0.0025162818235642394,0.9372384937238494,0.06276150627615062,0.9974837181764358,239,True
4,codeql,CWE-913,1,1,6908,85,0.5,0.9878449878449879,0.00014473874656245476,0.9883720930232558,0.011627906976744186,0.9998552612534376,86,True
4,codeql,CWE-923,0,1,6729,265,0.0,0.9621103803259937,0.00014858841010401187,1.0,0.0,0.999851411589896,265,True
4,joern,CWE-20,0,0,6723,272,,0.9611150822015726,0.0,1.0,0.0,1.0,272,False
4,joern,CWE-74,0,0,5853,1142,,0.8367405289492494,0.0,1.0,0.0,1.0,1142,False
4,joern,CWE-190,0,0,6883,112,,0.983988563259471,0.0,1.0,0.0,1.0,112,False
4,joern,CWE-285,0,0,6762,233,,0.9666904932094353,0.0,1.0,0.0,1.0,233,False
4,joern,CWE-287,0,0,6496,499,,0.9286633309506791,0.0,1.0,0.0,1.0,499,False
4,joern,CWE-311,0,0,6686,309,,0.9558255897069335,0.0,1.0,0.0,1.0,309,False
4,joern,CWE-327,16,5,6710,264,0.7619047619047619,0.9621451104100947,0.0007446016381236039,0.9428571428571428,0.05714285714285714,0.9992553983618764,280,True
4,joern,CWE-330,0,0,6795,200,,0.9714081486776269,0.0,1.0,0.0,1.0,200,False
4,joern,CWE-345,0,0,6571,424,,0.939385275196569,0.0,1.0,0.0,1.0,424,False
4,joern,CWE-400,0,0,6793,202,,0.9711222301644031,0.0,1.0,0.0,1.0,202,False
4,joern,CWE-610,0,0,6781,214,,0.9694067190850607,0.0,1.0,0.0,1.0,214,False
4,joern,CWE-668,0,0,6117,878,,0.874481772694782,0.0,1.0,0.0,1.0,878,False
4,joern,CWE-706,0,0,6756,239,,0.9658327376697641,0.0,1.0,0.0,1.0,239,False
4,joern,CWE-913,0,0,6909,86,,0.9877055039313796,0.0,1.0,0.0,1.0,86,False
4,joern,CWE-923,0,0,6730,265,,0.9621157969978557,0.0,1.0,0.0,1.0,265,False
4,semgrep,CWE-20,0,0,6723,272,,0.9611150822015726,0.0,1.0,0.0,1.0,272,False
4,semgrep,CWE-74,653,536,5317,489,0.5492010092514719,0.9157767826386497,0.09157696907568769,0.42819614711033277,0.5718038528896673,0.9084230309243123,1142,True
4,semgrep,CWE-190,0,0,6883,112,,0.983988563259471,0.0,1.0,0.0,1.0,112,False
4,semgrep,CWE-285,1,60,6702,232,0.01639344262295082,0.9665416786847418,0.008873114463176575,0.9957081545064378,0.004291845493562232,0.9911268855368234,233,True
4,semgrep,CWE-287,4,1,6495,495,0.8,0.9291845493562232,0.0001539408866995074,0.9919839679358717,0.008016032064128256,0.9998460591133005,499,True
4,semgrep,CWE-311,143,215,6471,166,0.3994413407821229,0.974988699713726,0.032156745438229134,0.5372168284789643,0.4627831715210356,0.9678432545617709,309,True
4,semgrep,CWE-327,100,28,6687,180,0.78125,0.9737876802096985,0.004169769173492182,0.6428571428571429,0.35714285714285715,0.9958302308265078,280,True
4,semgrep,CWE-330,173,14,6781,27,0.9251336898395722,0.9960340775558166,0.0020603384841795438,0.135,0.865,0.9979396615158205,200,True
4,semgrep,CWE-345,0,7,6564,424,0.0,0.9393245563823698,0.001065286866534774,1.0,0.0,0.9989347131334653,424,True
4,semgrep,CWE-400,0,0,6793,202,,0.9711222301644031,0.0,1.0,0.0,1.0,202,False
4,semgrep,CWE-610,65,46,6735,149,0.5855855855855856,0.9783556072051133,0.006783660227105147,0.6962616822429907,0.3037383177570093,0.9932163397728948,214,True
4,semgrep,CWE-668,0,1,6116,878,0.0,0.8744638261366886,0.00016347882949158083,1.0,0.0,0.9998365211705085,878,True
4,semgrep,CWE-706,107,109,6647,132,0.49537037037037035,0.9805281014898952,0.016133806986382476,0.5523012552301255,0.4476987447698745,0.9838661930136176,239,True
4,semgrep,CWE-913,21,40,6869,65,0.3442622950819672,0.9906259013556389,0.005789549862498191,0.7558139534883721,0.2441860465116279,0.9942104501375018,86,True
4,semgrep,CWE-923,0,0,6730,265,,0.9621157969978557,0.0,1.0,0.0,1.0,265,False
