cwe,family,level
CWE-1,,pillar_child
CWE-3,,pillar_child
CWE-6,CWE-330,pillar_child
CWE-7,CWE-755,pillar_child
CWE-9,CWE-269,pillar_child
CWE-11,CWE-489,pillar_child
CWE-15,CWE-668,pillar_child
CWE-20,CWE-20,pillar_child
CWE-22,CWE-706,pillar_child
CWE-23,CWE-706,pillar_child
CWE-24,CWE-706,pillar_child
CWE-25,CWE-706,pillar_child
CWE-34,CWE-706,pillar_child
CWE-35,CWE-706,pillar_child
CWE-36,CWE-706,pillar_child
CWE-40,CWE-706,pillar_child
CWE-41,CWE-706,pillar_child
CWE-46,CWE-706,pillar_child
CWE-47,CWE-706,pillar_child
CWE-48,CWE-706,pillar_child
CWE-58,CWE-706,pillar_child
CWE-59,CWE-706,pillar_child
CWE-61,CWE-706,pillar_child
CWE-64,CWE-706,pillar_child
CWE-67,CWE-706,pillar_child
CWE-69,CWE-706,pillar_child
CWE-73,CWE-668,pillar_child
CWE-74,CWE-74,pillar_child
CWE-75,CWE-74,pillar_child
CWE-77,CWE-74,pillar_child
CWE-78,CWE-74,pillar_child
CWE-79,CWE-74,pillar_child
CWE-80,CWE-74,pillar_child
CWE-81,CWE-74,pillar_child
CWE-82,CWE-74,pillar_child
CWE-83,CWE-74,pillar_child
CWE-84,CWE-74,pillar_child
CWE-85,CWE-74,pillar_child
CWE-86,CWE-74,pillar_child
CWE-87,CWE-74,pillar_child
CWE-88,CWE-74,pillar_child
CWE-89,CWE-74,pillar_child
CWE-90,CWE-74,pillar_child
CWE-91,CWE-74,pillar_child
CWE-93,CWE-74,pillar_child
CWE-94,CWE-74,pillar_child
CWE-95,CWE-74,pillar_child
CWE-96,CWE-74,pillar_child
CWE-97,CWE-74,pillar_child
CWE-98,CWE-669,pillar_child
CWE-99,CWE-74,pillar_child
CWE-106,CWE-20,pillar_child
CWE-111,CWE-573,pillar_child
CWE-112,CWE-20,pillar_child
CWE-113,CWE-74,pillar_child
CWE-114,CWE-668,pillar_child
CWE-115,CWE-436,pillar_child
CWE-116,CWE-116,pillar_child
CWE-117,CWE-116,pillar_child
CWE-118,CWE-118,pillar_child
CWE-119,CWE-118,pillar_child
CWE-120,CWE-118,pillar_child
CWE-121,CWE-118,pillar_child
CWE-122,CWE-118,pillar_child
CWE-125,CWE-118,pillar_child
CWE-126,CWE-118,pillar_child
CWE-127,CWE-118,pillar_child
CWE-128,CWE-128,pillar_child
CWE-129,CWE-20,pillar_child
CWE-130,CWE-228,pillar_child
CWE-131,CWE-131,pillar_child
CWE-134,CWE-668,pillar_child
CWE-138,CWE-138,pillar_child
CWE-140,CWE-138,pillar_child
CWE-146,CWE-138,pillar_child
CWE-147,CWE-138,pillar_child
CWE-149,CWE-138,pillar_child
CWE-150,CWE-138,pillar_child
CWE-158,CWE-138,pillar_child
CWE-162,CWE-138,pillar_child
CWE-172,CWE-172,pillar_child
CWE-173,CWE-172,pillar_child
CWE-176,CWE-172,pillar_child
CWE-177,CWE-172,pillar_child
CWE-179,CWE-696,pillar_child
CWE-180,CWE-696,pillar_child
CWE-181,CWE-696,pillar_child
CWE-182,CWE-182,pillar_child
CWE-183,CWE-183,pillar_child
CWE-184,CWE-184,pillar_child
CWE-185,CWE-185,pillar_child
CWE-188,CWE-758,pillar_child
CWE-190,CWE-190,pillar_child
CWE-191,CWE-191,pillar_child
CWE-192,CWE-704,pillar_child
CWE-194,CWE-704,pillar_child
CWE-196,CWE-704,pillar_child
CWE-197,CWE-704,pillar_child
CWE-200,CWE-668,pillar_child
CWE-201,CWE-668,pillar_child
CWE-202,CWE-285,pillar_child
CWE-203,CWE-668,pillar_child
CWE-204,CWE-668,pillar_child
CWE-205,CWE-668,pillar_child
CWE-207,CWE-668,pillar_child
CWE-208,CWE-668,pillar_child
CWE-209,CWE-668,pillar_child
CWE-210,CWE-668,pillar_child
CWE-211,CWE-668,pillar_child
CWE-212,CWE-669,pillar_child
CWE-213,CWE-668,pillar_child
CWE-214,CWE-668,pillar_child
CWE-215,CWE-668,pillar_child
CWE-219,CWE-668,pillar_child
CWE-222,CWE-221,pillar_child
CWE-223,CWE-221,pillar_child
CWE-224,CWE-221,pillar_child
CWE-226,CWE-404,pillar_child
CWE-233,CWE-228,pillar_child
CWE-235,CWE-228,pillar_child
CWE-241,CWE-228,pillar_child
CWE-242,CWE-1177,pillar_child
CWE-246,CWE-573,pillar_child
CWE-250,CWE-269,pillar_child
CWE-256,CWE-287,pillar_child
CWE-257,CWE-287,pillar_child
CWE-259,CWE-287,pillar_child
CWE-261,CWE-287,pillar_child
CWE-262,CWE-287,pillar_child
CWE-263,CWE-287,pillar_child
CWE-267,CWE-269,pillar_child
CWE-269,CWE-269,pillar_child
CWE-270,CWE-269,pillar_child
CWE-271,CWE-269,pillar_child
CWE-272,CWE-269,pillar_child
CWE-273,CWE-754,pillar_child
CWE-274,CWE-755,pillar_child
CWE-276,CWE-285,pillar_child
CWE-277,CWE-285,pillar_child
CWE-282,CWE-282,pillar_child
CWE-284,,pillar_child
CWE-285,CWE-285,pillar_child
CWE-287,CWE-287,pillar_child
CWE-288,CWE-287,pillar_child
CWE-290,CWE-287,pillar_child
CWE-291,CWE-287,pillar_child
CWE-294,CWE-287,pillar_child
CWE-295,CWE-287,pillar_child
CWE-296,CWE-287,pillar_child
CWE-297,CWE-923,pillar_child
CWE-299,CWE-287,pillar_child
CWE-300,CWE-923,pillar_child
CWE-301,CWE-287,pillar_child
CWE-302,CWE-287,pillar_child
CWE-303,CWE-287,pillar_child
CWE-305,CWE-287,pillar_child
CWE-306,CWE-287,pillar_child
CWE-307,CWE-287,pillar_child
CWE-308,CWE-287,pillar_child
CWE-309,CWE-287,pillar_child
CWE-311,CWE-311,pillar_child
CWE-312,CWE-311,pillar_child
CWE-313,CWE-311,pillar_child
CWE-314,CWE-311,pillar_child
CWE-315,CWE-311,pillar_child
CWE-316,CWE-311,pillar_child
CWE-317,CWE-311,pillar_child
CWE-318,CWE-311,pillar_child
CWE-319,CWE-311,pillar_child
CWE-321,CWE-287,pillar_child
CWE-322,CWE-287,pillar_child
CWE-325,CWE-327,pillar_child
CWE-326,CWE-326,pillar_child
CWE-327,CWE-327,pillar_child
CWE-328,CWE-327,pillar_child
CWE-329,CWE-330,pillar_child
CWE-330,CWE-330,pillar_child
CWE-331,CWE-330,pillar_child
CWE-335,CWE-330,pillar_child
CWE-337,CWE-330,pillar_child
CWE-338,CWE-330,pillar_child
CWE-341,CWE-330,pillar_child
CWE-345,CWE-345,pillar_child
CWE-346,CWE-345,pillar_child
CWE-347,CWE-345,pillar_child
CWE-348,CWE-345,pillar_child
CWE-349,CWE-345,pillar_child
CWE-350,CWE-287,pillar_child
CWE-352,CWE-345,pillar_child
CWE-353,CWE-345,pillar_child
CWE-354,CWE-345,pillar_child
CWE-359,CWE-668,pillar_child
CWE-360,CWE-345,pillar_child
CWE-362,CWE-662,pillar_child
CWE-363,CWE-662,pillar_child
CWE-366,CWE-662,pillar_child
CWE-367,CWE-662,pillar_child
CWE-368,CWE-662,pillar_child
CWE-369,CWE-369,pillar_child
CWE-372,CWE-372,pillar_child
CWE-377,CWE-668,pillar_child
CWE-378,CWE-668,pillar_child
CWE-379,CWE-668,pillar_child
CWE-384,CWE-610,pillar_child
CWE-385,CWE-1229,pillar_child
CWE-391,CWE-754,pillar_child
CWE-400,CWE-400,pillar_child
CWE-401,CWE-404,pillar_child
CWE-402,CWE-668,pillar_child
CWE-404,CWE-404,pillar_child
CWE-405,CWE-400,pillar_child
CWE-406,CWE-400,pillar_child
CWE-408,CWE-696,pillar_child
CWE-409,CWE-400,pillar_child
CWE-410,CWE-410,pillar_child
CWE-412,CWE-662,pillar_child
CWE-419,CWE-923,pillar_child
CWE-421,CWE-923,pillar_child
CWE-424,CWE-657,pillar_child
CWE-425,CWE-285,pillar_child
CWE-426,CWE-668,pillar_child
CWE-427,CWE-668,pillar_child
CWE-428,CWE-668,pillar_child
CWE-430,CWE-430,pillar_child
CWE-433,CWE-668,pillar_child
CWE-434,CWE-669,pillar_child
CWE-436,CWE-436,pillar_child
CWE-441,CWE-610,pillar_child
CWE-444,CWE-436,pillar_child
CWE-451,CWE-684,pillar_child
CWE-454,CWE-665,pillar_child
CWE-459,CWE-404,pillar_child
CWE-470,CWE-913,pillar_child
CWE-471,CWE-471,pillar_child
CWE-472,CWE-668,pillar_child
CWE-473,CWE-471,pillar_child
CWE-476,CWE-476,pillar_child
CWE-477,CWE-477,pillar_child
CWE-486,CWE-1025,pillar_child
CWE-488,CWE-668,pillar_child
CWE-489,CWE-489,pillar_child
CWE-491,CWE-668,pillar_child
CWE-492,CWE-668,pillar_child
CWE-493,CWE-668,pillar_child
CWE-494,CWE-345,pillar_child
CWE-497,CWE-668,pillar_child
CWE-498,CWE-668,pillar_child
CWE-499,CWE-668,pillar_child
CWE-500,CWE-668,pillar_child
CWE-501,CWE-501,pillar_child
CWE-502,CWE-913,pillar_child
CWE-506,CWE-684,pillar_child
CWE-507,CWE-684,pillar_child
CWE-508,CWE-684,pillar_child
CWE-509,CWE-684,pillar_child
CWE-512,CWE-684,pillar_child
CWE-514,CWE-1229,pillar_child
CWE-515,CWE-1229,pillar_child
CWE-520,CWE-269,pillar_child
CWE-521,CWE-287,pillar_child
CWE-522,CWE-287,pillar_child
CWE-523,CWE-287,pillar_child
CWE-524,CWE-668,pillar_child
CWE-525,CWE-668,pillar_child
CWE-527,CWE-668,pillar_child
CWE-528,CWE-668,pillar_child
CWE-529,CWE-668,pillar_child
CWE-532,CWE-668,pillar_child
CWE-535,CWE-668,pillar_child
CWE-537,CWE-668,pillar_child
CWE-538,CWE-668,pillar_child
CWE-539,CWE-668,pillar_child
CWE-540,CWE-668,pillar_child
CWE-541,CWE-668,pillar_child
CWE-547,CWE-1076,pillar_child
CWE-551,CWE-285,pillar_child
CWE-552,CWE-668,pillar_child
CWE-553,CWE-668,pillar_child
CWE-555,CWE-287,pillar_child
CWE-556,CWE-269,pillar_child
CWE-558,CWE-662,pillar_child
CWE-561,CWE-1164,pillar_child
CWE-563,CWE-1164,pillar_child
CWE-564,CWE-74,pillar_child
CWE-565,CWE-668,pillar_child
CWE-566,CWE-285,pillar_child
CWE-567,CWE-662,pillar_child
CWE-568,CWE-404,pillar_child
CWE-573,CWE-573,pillar_child
CWE-580,CWE-580,pillar_child
CWE-581,CWE-573,pillar_child
CWE-582,CWE-668,pillar_child
CWE-589,CWE-758,pillar_child
CWE-593,CWE-666,pillar_child
CWE-594,CWE-1076,pillar_child
CWE-598,CWE-668,pillar_child
CWE-600,CWE-705,pillar_child
CWE-601,CWE-610,pillar_child
CWE-602,CWE-602,pillar_child
CWE-603,CWE-287,pillar_child
CWE-605,CWE-573,pillar_child
CWE-606,CWE-20,pillar_child
CWE-607,CWE-471,pillar_child
CWE-610,CWE-610,pillar_child
CWE-611,CWE-610,pillar_child
CWE-612,CWE-285,pillar_child
CWE-613,CWE-666,pillar_child
CWE-614,CWE-311,pillar_child
CWE-616,CWE-345,pillar_child
CWE-617,CWE-705,pillar_child
CWE-618,CWE-749,pillar_child
CWE-619,CWE-668,pillar_child
CWE-625,CWE-185,pillar_child
CWE-627,CWE-74,pillar_child
CWE-639,CWE-285,pillar_child
CWE-640,CWE-287,pillar_child
CWE-641,CWE-74,pillar_child
CWE-642,CWE-668,pillar_child
CWE-643,CWE-74,pillar_child
CWE-644,CWE-116,pillar_child
CWE-645,CWE-287,pillar_child
CWE-646,CWE-345,pillar_child
CWE-648,CWE-269,pillar_child
CWE-649,CWE-345,pillar_child
CWE-650,CWE-436,pillar_child
CWE-651,CWE-668,pillar_child
CWE-652,CWE-74,pillar_child
CWE-653,CWE-657,pillar_child
CWE-654,CWE-657,pillar_child
CWE-656,CWE-657,pillar_child
CWE-657,CWE-657,pillar_child
CWE-662,CWE-662,pillar_child
CWE-664,,pillar_child
CWE-665,CWE-665,pillar_child
CWE-667,CWE-662,pillar_child
CWE-668,CWE-668,pillar_child
CWE-671,CWE-657,pillar_child
CWE-672,CWE-666,pillar_child
CWE-673,CWE-673,pillar_child
CWE-674,CWE-834,pillar_child
CWE-680,CWE-190,pillar_child
CWE-681,CWE-704,pillar_child
CWE-682,,pillar_child
CWE-684,CWE-684,pillar_child
CWE-690,CWE-754,pillar_child
CWE-692,CWE-184,pillar_child
CWE-693,,pillar_child
CWE-694,CWE-74,pillar_child
CWE-695,CWE-573,pillar_child
CWE-696,CWE-696,pillar_child
CWE-697,,pillar_child
CWE-706,CWE-706,pillar_child
CWE-707,,pillar_child
CWE-730,,pillar_child
CWE-732,CWE-285,pillar_child
CWE-733,CWE-1038,pillar_child
CWE-749,CWE-749,pillar_child
CWE-754,CWE-754,pillar_child
CWE-755,CWE-755,pillar_child
CWE-757,CWE-757,pillar_child
CWE-759,CWE-327,pillar_child
CWE-760,CWE-327,pillar_child
CWE-766,CWE-285,pillar_child
CWE-767,CWE-668,pillar_child
CWE-770,CWE-400,pillar_child
CWE-772,CWE-404,pillar_child
CWE-774,CWE-400,pillar_child
CWE-776,CWE-834,pillar_child
CWE-777,CWE-185,pillar_child
CWE-778,CWE-221,pillar_child
CWE-779,CWE-400,pillar_child
CWE-780,CWE-327,pillar_child
CWE-782,CWE-749,pillar_child
CWE-784,CWE-668,pillar_child
CWE-787,CWE-118,pillar_child
CWE-789,CWE-400,pillar_child
CWE-798,CWE-287,pillar_child
CWE-799,CWE-799,pillar_child
CWE-804,CWE-285,pillar_child
CWE-805,CWE-118,pillar_child
CWE-806,CWE-118,pillar_child
CWE-807,CWE-807,pillar_child
CWE-822,CWE-118,pillar_child
CWE-823,CWE-118,pillar_child
CWE-827,CWE-706,pillar_child
CWE-828,CWE-662,pillar_child
CWE-829,CWE-669,pillar_child
CWE-830,CWE-669,pillar_child
CWE-832,CWE-662,pillar_child
CWE-833,CWE-662,pillar_child
CWE-835,CWE-834,pillar_child
CWE-836,CWE-287,pillar_child
CWE-838,CWE-116,pillar_child
CWE-839,CWE-1023,pillar_child
CWE-842,CWE-286,pillar_child
CWE-862,CWE-285,pillar_child
CWE-863,CWE-285,pillar_child
CWE-910,CWE-666,pillar_child
CWE-912,CWE-684,pillar_child
CWE-913,CWE-913,pillar_child
CWE-914,CWE-74,pillar_child
CWE-915,CWE-913,pillar_child
CWE-916,CWE-327,pillar_child
CWE-918,CWE-610,pillar_child
CWE-920,CWE-400,pillar_child
CWE-921,CWE-922,pillar_child
CWE-922,CWE-922,pillar_child
CWE-923,CWE-923,pillar_child
CWE-924,CWE-345,pillar_child
CWE-925,CWE-923,pillar_child
CWE-926,CWE-285,pillar_child
CWE-927,CWE-285,pillar_child
CWE-939,CWE-285,pillar_child
CWE-940,CWE-923,pillar_child
CWE-941,CWE-923,pillar_child
CWE-942,CWE-285,pillar_child
CWE-943,CWE-74,pillar_child
CWE-1004,CWE-285,pillar_child
CWE-1007,CWE-684,pillar_child
CWE-1021,CWE-610,pillar_child
CWE-1022,CWE-269,pillar_child
CWE-1037,CWE-1038,pillar_child
CWE-1039,CWE-1039,pillar_child
CWE-1043,CWE-1093,pillar_child
CWE-1053,CWE-1059,pillar_child
CWE-1054,CWE-1061,pillar_child
CWE-1058,CWE-662,pillar_child
CWE-1059,CWE-1059,pillar_child
CWE-1082,CWE-1076,pillar_child
CWE-1083,CWE-1061,pillar_child
CWE-1093,CWE-1093,pillar_child
CWE-1101,CWE-1101,pillar_child
CWE-1102,CWE-758,pillar_child
CWE-1103,CWE-758,pillar_child
CWE-1106,CWE-1076,pillar_child
CWE-1107,CWE-1076,pillar_child
CWE-1108,CWE-1076,pillar_child
CWE-1112,CWE-1059,pillar_child
CWE-1125,CWE-1120,pillar_child
CWE-1126,CWE-1126,pillar_child
CWE-1173,CWE-20,pillar_child
CWE-1177,CWE-1177,pillar_child
CWE-1188,CWE-665,pillar_child
CWE-1189,CWE-657,pillar_child
CWE-1191,CWE-1191,pillar_child
CWE-1192,CWE-657,pillar_child
CWE-1193,CWE-696,pillar_child
CWE-1204,CWE-330,pillar_child
CWE-1220,CWE-1220,pillar_child
CWE-1221,CWE-665,pillar_child
CWE-1222,CWE-1220,pillar_child
CWE-1224,CWE-1224,pillar_child
CWE-1229,CWE-1229,pillar_child
CWE-1230,CWE-285,pillar_child
CWE-1231,CWE-1231,pillar_child
CWE-1232,CWE-662,pillar_child
CWE-1233,CWE-1233,pillar_child
CWE-1234,CWE-662,pillar_child
CWE-1239,CWE-404,pillar_child
CWE-1240,CWE-327,pillar_child
CWE-1241,CWE-330,pillar_child
CWE-1242,CWE-684,pillar_child
CWE-1243,CWE-1263,pillar_child
CWE-1244,CWE-285,pillar_child
CWE-1247,CWE-1384,pillar_child
CWE-1248,CWE-1248,pillar_child
CWE-1249,CWE-1250,pillar_child
CWE-1251,CWE-1250,pillar_child
CWE-1255,CWE-668,pillar_child
CWE-1256,CWE-285,pillar_child
CWE-1257,CWE-1257,pillar_child
CWE-1258,CWE-669,pillar_child
CWE-1259,CWE-1259,pillar_child
CWE-1260,CWE-1260,pillar_child
CWE-1262,CWE-1262,pillar_child
CWE-1263,CWE-1263,pillar_child
CWE-1264,CWE-662,pillar_child
CWE-1265,CWE-662,pillar_child
CWE-1266,CWE-404,pillar_child
CWE-1269,CWE-1269,pillar_child
CWE-1270,CWE-1270,pillar_child
CWE-1271,CWE-665,pillar_child
CWE-1272,CWE-404,pillar_child
CWE-1274,CWE-1274,pillar_child
CWE-1275,CWE-923,pillar_child
CWE-1276,CWE-1276,pillar_child
CWE-1277,CWE-1357,pillar_child
CWE-1278,CWE-1278,pillar_child
CWE-1279,CWE-696,pillar_child
CWE-1280,CWE-696,pillar_child
CWE-1282,CWE-668,pillar_child
CWE-1283,CWE-1283,pillar_child
CWE-1284,CWE-20,pillar_child
CWE-1285,CWE-20,pillar_child
CWE-1286,CWE-20,pillar_child
CWE-1287,CWE-20,pillar_child
CWE-1289,CWE-20,pillar_child
CWE-1290,CWE-1290,pillar_child
CWE-1292,CWE-1292,pillar_child
CWE-1293,CWE-345,pillar_child
CWE-1294,CWE-1294,pillar_child
CWE-1295,CWE-668,pillar_child
CWE-1296,CWE-1296,pillar_child
CWE-1297,CWE-285,pillar_child
CWE-1298,CWE-662,pillar_child
CWE-1299,CWE-923,pillar_child
CWE-1300,CWE-668,pillar_child
CWE-1301,CWE-404,pillar_child
CWE-1302,CWE-1294,pillar_child
CWE-1303,CWE-657,pillar_child
CWE-1304,CWE-1304,pillar_child
CWE-1312,CWE-1312,pillar_child
CWE-1313,CWE-1313,pillar_child
CWE-1316,CWE-1316,pillar_child
CWE-1319,CWE-1319,pillar_child
CWE-1320,CWE-1320,pillar_child
CWE-1321,CWE-913,pillar_child
CWE-1322,CWE-834,pillar_child
CWE-1323,CWE-1323,pillar_child
CWE-1325,CWE-400,pillar_child
CWE-1326,CWE-1326,pillar_child
CWE-1327,CWE-668,pillar_child
CWE-1328,CWE-285,pillar_child
CWE-1329,CWE-1357,pillar_child
CWE-1330,CWE-404,pillar_child
CWE-1331,CWE-657,pillar_child
CWE-1332,CWE-1384,pillar_child
CWE-1333,CWE-400,pillar_child
CWE-1334,CWE-1334,pillar_child
CWE-1336,CWE-74,pillar_child
CWE-1338,CWE-1338,pillar_child
CWE-1342,CWE-404,pillar_child
CWE-1351,CWE-1384,pillar_child
CWE-1357,CWE-1357,pillar_child
CWE-1390,CWE-287,pillar_child
CWE-1391,CWE-287,pillar_child
CWE-1392,CWE-287,pillar_child
CWE-1394,CWE-287,pillar_child
CWE-1395,CWE-1357,pillar_child
CWE-1420,CWE-669,pillar_child
CWE-1421,CWE-669,pillar_child
CWE-1422,CWE-669,pillar_child
CWE-1423,CWE-669,pillar_child
