strategy,base_strategy,tau,tp,fp,tn,fn,support,positive_support,negative_support,precision,recall,specificity,npv,fpr,fnr,accuracy,balanced_accuracy,f1,f2,mcc,roc_auc,pr_auc,cwe_attribution_acc
weighted_fire_specificity_silence_sensitivity_tau_0_1,weighted_fire_specificity_silence_sensitivity,0.1,499.6,283.4,341.8,622.8,1747.6,1122.4,625.2,0.6380552541195493,0.4451001774595215,0.5466798306797436,0.35434272203270945,0.4533201693202565,0.5548998225404784,0.48146462522381483,0.4958900040696325,0.5243701542154232,0.4737439996119878,-0.007904811046722016,0.482770272761177,0.6241775134055689,0.7530568112958445
weighted_fire_specificity_silence_sensitivity_tau_0_2,weighted_fire_specificity_silence_sensitivity,0.2,499.6,283.4,341.8,622.8,1747.6,1122.4,625.2,0.6380552541195493,0.4451001774595215,0.5466798306797436,0.35434272203270945,0.4533201693202565,0.5548998225404784,0.48146462522381483,0.4958900040696325,0.5243701542154232,0.4737439996119878,-0.007904811046722016,0.482770272761177,0.6241775134055689,0.7530568112958445
weighted_fire_specificity_silence_sensitivity_tau_0_3,weighted_fire_specificity_silence_sensitivity,0.3,499.6,283.4,341.8,622.8,1747.6,1122.4,625.2,0.6380552541195493,0.4451001774595215,0.5466798306797436,0.35434272203270945,0.4533201693202565,0.5548998225404784,0.48146462522381483,0.4958900040696325,0.5243701542154232,0.4737439996119878,-0.007904811046722016,0.482770272761177,0.6241775134055689,0.7530568112958445
weighted_fire_specificity_silence_sensitivity_tau_0_4,weighted_fire_specificity_silence_sensitivity,0.4,499.6,283.4,341.8,622.8,1747.6,1122.4,625.2,0.6380552541195493,0.4451001774595215,0.5466798306797436,0.35434272203270945,0.4533201693202565,0.5548998225404784,0.48146462522381483,0.4958900040696325,0.5243701542154232,0.4737439996119878,-0.007904811046722016,0.482770272761177,0.6241775134055689,0.7530568112958445
weighted_fire_specificity_silence_sensitivity_tau_0_5,weighted_fire_specificity_silence_sensitivity,0.5,499.4,283.4,341.8,623.0,1747.6,1122.4,625.2,0.6379629029678762,0.4449203213444136,0.5466798306797436,0.35426749518668504,0.4533201693202565,0.5550796786555864,0.4813496165981679,0.4958000760120786,0.5242134388960478,0.473570479386588,-0.008078419873288702,0.482770272761177,0.6241775134055689,0.753359027001286
weighted_fire_specificity_silence_sensitivity_tau_0_6,weighted_fire_specificity_silence_sensitivity,0.6,481.2,274.2,351.0,641.2,1747.6,1122.4,625.2,0.6370227519231169,0.4286414577969066,0.5613347374768984,0.3536531927942835,0.4386652625231016,0.5713585422030933,0.4761906131785878,0.4949880976369025,0.5124259321357373,0.4586328397283532,-0.009667235391974572,0.482770272761177,0.6241775134055689,0.7593696063736679
weighted_fire_specificity_silence_sensitivity_tau_0_7,weighted_fire_specificity_silence_sensitivity,0.7,429.4,240.0,385.2,693.0,1747.6,1122.4,625.2,0.6414057223021338,0.3825364407183236,0.6160260875989989,0.3572441494110944,0.3839739124010011,0.6174635592816764,0.46613650487976865,0.4992812641586613,0.4792139520222987,0.4161116624931015,-0.0013930281731032103,0.482770272761177,0.6241775134055689,0.7423229051201933
weighted_fire_specificity_silence_sensitivity_tau_0_8,weighted_fire_specificity_silence_sensitivity,0.8,425.6,237.2,388.0,696.8,1747.6,1122.4,625.2,0.6421120593039784,0.3791579081741502,0.620463374555953,0.35762826686050836,0.3795366254440471,0.6208420918258498,0.4655703583707953,0.49981064136505154,0.47674217693463694,0.412965582986772,-0.0003182976928838864,0.482770272761177,0.6241775134055689,0.6879379205896823
weighted_fire_specificity_silence_sensitivity_tau_0_9,weighted_fire_specificity_silence_sensitivity,0.9,371.8,237.0,388.2,750.6,1747.6,1122.4,625.2,0.6106544472740113,0.3312214105770156,0.6207823538223007,0.3408506514537966,0.3792176461776994,0.6687785894229844,0.4349005673092618,0.47600188219965817,0.42943239565698843,0.3645668157873877,-0.048242722597873315,0.482770272761177,0.6241775134055689,0.7309505679795392
dst_dempster_fire_specificity_silence_sensitivity_tau_0_1,dst_dempster_fire_specificity_silence_sensitivity,0.1,1122.4,625.2,0.0,0.0,1747.6,1122.4,625.2,0.6422353127736966,1.0,0.0,,1.0,0.0,0.6422353127736966,0.5,0.7821323352815958,0.8997410663138237,,0.5337836657708699,0.7114756861267938,0.8632119971088814
dst_dempster_fire_specificity_silence_sensitivity_tau_0_2,dst_dempster_fire_specificity_silence_sensitivity,0.2,1122.4,625.2,0.0,0.0,1747.6,1122.4,625.2,0.6422353127736966,1.0,0.0,,1.0,0.0,0.6422353127736966,0.5,0.7821323352815958,0.8997410663138237,,0.5337836657708699,0.7114756861267938,0.7956255285530276
dst_dempster_fire_specificity_silence_sensitivity_tau_0_3,dst_dempster_fire_specificity_silence_sensitivity,0.3,1122.4,625.2,0.0,0.0,1747.6,1122.4,625.2,0.6422353127736966,1.0,0.0,,1.0,0.0,0.6422353127736966,0.5,0.7821323352815958,0.8997410663138237,,0.5337836657708699,0.7114756861267938,0.7714028894909941
dst_dempster_fire_specificity_silence_sensitivity_tau_0_4,dst_dempster_fire_specificity_silence_sensitivity,0.4,1122.4,625.2,0.0,0.0,1747.6,1122.4,625.2,0.6422353127736966,1.0,0.0,,1.0,0.0,0.6422353127736966,0.5,0.7821323352815958,0.8997410663138237,,0.5337836657708699,0.7114756861267938,0.7463004174816118
dst_dempster_fire_specificity_silence_sensitivity_tau_0_5,dst_dempster_fire_specificity_silence_sensitivity,0.5,1122.4,625.2,0.0,0.0,1747.6,1122.4,625.2,0.6422353127736966,1.0,0.0,,1.0,0.0,0.6422353127736966,0.5,0.7821323352815958,0.8997410663138237,,0.5337836657708699,0.7114756861267938,0.3855884464047632
dst_dempster_fire_specificity_silence_sensitivity_tau_0_6,dst_dempster_fire_specificity_silence_sensitivity,0.6,499.6,283.4,341.8,622.8,1747.6,1122.4,625.2,0.6380552541195493,0.4451001774595215,0.5466798306797436,0.35434272203270945,0.4533201693202565,0.5548998225404784,0.48146462522381483,0.4958900040696325,0.5243701542154232,0.4737439996119878,-0.007904811046722016,0.5337836657708699,0.7114756861267938,0.7530568112958445
dst_dempster_fire_specificity_silence_sensitivity_tau_0_7,dst_dempster_fire_specificity_silence_sensitivity,0.7,499.6,283.4,341.8,622.8,1747.6,1122.4,625.2,0.6380552541195493,0.4451001774595215,0.5466798306797436,0.35434272203270945,0.4533201693202565,0.5548998225404784,0.48146462522381483,0.4958900040696325,0.5243701542154232,0.4737439996119878,-0.007904811046722016,0.5337836657708699,0.7114756861267938,0.7530568112958445
dst_dempster_fire_specificity_silence_sensitivity_tau_0_8,dst_dempster_fire_specificity_silence_sensitivity,0.8,485.0,273.6,351.6,637.4,1747.6,1122.4,625.2,0.6393120486722391,0.43209454619974014,0.5623436372344204,0.35551365764527687,0.4376563627655797,0.5679054538002599,0.4787172534865506,0.4972190917170803,0.5156550333758255,0.4620423751017066,-0.0053643968470801755,0.5337836657708699,0.7114756861267938,0.7501924229045562
dst_dempster_fire_specificity_silence_sensitivity_tau_0_9,dst_dempster_fire_specificity_silence_sensitivity,0.9,436.0,242.6,382.6,686.4,1747.6,1122.4,625.2,0.6424647299199385,0.38843922290943356,0.6118477675225528,0.35788792949158843,0.38815223247744723,0.6115607770905663,0.4684332601302602,0.5001434952159932,0.48412183475475884,0.42178013536024245,0.0003206803244059853,0.5337836657708699,0.7114756861267938,0.7472500561097523
dst_pcr6_fire_specificity_silence_sensitivity_tau_0_1,dst_pcr6_fire_specificity_silence_sensitivity,0.1,1122.4,625.2,0.0,0.0,1747.6,1122.4,625.2,0.6422353127736966,1.0,0.0,,1.0,0.0,0.6422353127736966,0.5,0.7821323352815958,0.8997410663138237,,0.5295983830502751,0.7060697576516838,0.8632119971088814
dst_pcr6_fire_specificity_silence_sensitivity_tau_0_2,dst_pcr6_fire_specificity_silence_sensitivity,0.2,1122.4,625.2,0.0,0.0,1747.6,1122.4,625.2,0.6422353127736966,1.0,0.0,,1.0,0.0,0.6422353127736966,0.5,0.7821323352815958,0.8997410663138237,,0.5295983830502751,0.7060697576516838,0.7956255285530276
dst_pcr6_fire_specificity_silence_sensitivity_tau_0_3,dst_pcr6_fire_specificity_silence_sensitivity,0.3,1122.4,625.2,0.0,0.0,1747.6,1122.4,625.2,0.6422353127736966,1.0,0.0,,1.0,0.0,0.6422353127736966,0.5,0.7821323352815958,0.8997410663138237,,0.5295983830502751,0.7060697576516838,0.7714028894909941
dst_pcr6_fire_specificity_silence_sensitivity_tau_0_4,dst_pcr6_fire_specificity_silence_sensitivity,0.4,1122.4,625.2,0.0,0.0,1747.6,1122.4,625.2,0.6422353127736966,1.0,0.0,,1.0,0.0,0.6422353127736966,0.5,0.7821323352815958,0.8997410663138237,,0.5295983830502751,0.7060697576516838,0.7463004174816118
dst_pcr6_fire_specificity_silence_sensitivity_tau_0_5,dst_pcr6_fire_specificity_silence_sensitivity,0.5,1122.4,625.2,0.0,0.0,1747.6,1122.4,625.2,0.6422353127736966,1.0,0.0,,1.0,0.0,0.6422353127736966,0.5,0.7821323352815958,0.8997410663138237,,0.5295983830502751,0.7060697576516838,0.3855884464047632
dst_pcr6_fire_specificity_silence_sensitivity_tau_0_6,dst_pcr6_fire_specificity_silence_sensitivity,0.6,497.4,282.2,343.0,625.0,1747.6,1122.4,625.2,0.6380162198280463,0.4431174680623788,0.5486107995949893,0.3543195189585976,0.45138920040501074,0.5568825319376212,0.4808884043177043,0.49586413382868405,0.5229700442312974,0.47193762625933183,-0.007962023979504065,0.5295983830502751,0.7060697576516838,0.756036014326748
dst_pcr6_fire_specificity_silence_sensitivity_tau_0_7,dst_pcr6_fire_specificity_silence_sensitivity,0.7,481.2,272.4,352.8,641.2,1747.6,1122.4,625.2,0.6385138925096936,0.42868864143349306,0.5642746061496661,0.35491904450958256,0.43572539385033393,0.5713113585665069,0.4772228111033875,0.49648162379157956,0.5129529152838248,0.45883561108759174,-0.006797663786305102,0.5295983830502751,0.7060697576516838,0.7545155314712467
dst_pcr6_fire_specificity_silence_sensitivity_tau_0_8,dst_pcr6_fire_specificity_silence_sensitivity,0.8,429.4,241.2,384.0,693.0,1747.6,1122.4,625.2,0.640282934565987,0.3825364407183236,0.6140961967552588,0.3565151715586525,0.38590380324474116,0.6174635592816764,0.46545129825143794,0.4983163187367913,0.4788985591341831,0.4160163040807996,-0.0032833479221079835,0.5295983830502751,0.7060697576516838,0.7541789773862883
dst_pcr6_fire_specificity_silence_sensitivity_tau_0_9,dst_pcr6_fire_specificity_silence_sensitivity,0.9,426.2,237.4,387.8,696.2,1747.6,1122.4,625.2,0.642239104204779,0.3796893519296861,0.6201459142384926,0.35770853680027165,0.3798540857615074,0.620310648070314,0.46579776030371167,0.4999176330840894,0.47719286287091434,0.41347860058594454,-0.00010767490114589121,0.5295983830502751,0.7060697576516838,0.7026597701463044
dst_yager_fire_specificity_silence_sensitivity_tau_0_1,dst_yager_fire_specificity_silence_sensitivity,0.1,1122.4,625.2,0.0,0.0,1747.6,1122.4,625.2,0.6422353127736966,1.0,0.0,,1.0,0.0,0.6422353127736966,0.5,0.7821323352815958,0.8997410663138237,,0.5182666673598043,0.690597886066757,0.8632119971088814
dst_yager_fire_specificity_silence_sensitivity_tau_0_2,dst_yager_fire_specificity_silence_sensitivity,0.2,1122.4,625.2,0.0,0.0,1747.6,1122.4,625.2,0.6422353127736966,1.0,0.0,,1.0,0.0,0.6422353127736966,0.5,0.7821323352815958,0.8997410663138237,,0.5182666673598043,0.690597886066757,0.7956255285530276
dst_yager_fire_specificity_silence_sensitivity_tau_0_3,dst_yager_fire_specificity_silence_sensitivity,0.3,1122.4,625.2,0.0,0.0,1747.6,1122.4,625.2,0.6422353127736966,1.0,0.0,,1.0,0.0,0.6422353127736966,0.5,0.7821323352815958,0.8997410663138237,,0.5182666673598043,0.690597886066757,0.7714028894909941
dst_yager_fire_specificity_silence_sensitivity_tau_0_4,dst_yager_fire_specificity_silence_sensitivity,0.4,1122.4,625.2,0.0,0.0,1747.6,1122.4,625.2,0.6422353127736966,1.0,0.0,,1.0,0.0,0.6422353127736966,0.5,0.7821323352815958,0.8997410663138237,,0.5182666673598043,0.690597886066757,0.7463004174816118
dst_yager_fire_specificity_silence_sensitivity_tau_0_5,dst_yager_fire_specificity_silence_sensitivity,0.5,1122.4,625.2,0.0,0.0,1747.6,1122.4,625.2,0.6422353127736966,1.0,0.0,,1.0,0.0,0.6422353127736966,0.5,0.7821323352815958,0.8997410663138237,,0.5182666673598043,0.690597886066757,0.3855884464047632
dst_yager_fire_specificity_silence_sensitivity_tau_0_6,dst_yager_fire_specificity_silence_sensitivity,0.6,497.4,282.2,343.0,625.0,1747.6,1122.4,625.2,0.6380162198280463,0.4431174680623788,0.5486107995949893,0.3543195189585976,0.45138920040501074,0.5568825319376212,0.4808884043177043,0.49586413382868405,0.5229700442312974,0.47193762625933183,-0.007962023979504065,0.5182666673598043,0.690597886066757,0.756036014326748
dst_yager_fire_specificity_silence_sensitivity_tau_0_7,dst_yager_fire_specificity_silence_sensitivity,0.7,475.6,272.0,353.2,646.8,1747.6,1122.4,625.2,0.6361365341402674,0.4237043874502085,0.5649177993661492,0.3532018022923374,0.4350822006338507,0.5762956125497916,0.4742475174156704,0.49431109340817886,0.508611802510684,0.454019487083192,-0.011013690413569619,0.5182666673598043,0.690597886066757,0.7554477216428382
dst_yager_fire_specificity_silence_sensitivity_tau_0_8,dst_yager_fire_specificity_silence_sensitivity,0.8,426.2,237.6,387.6,696.2,1747.6,1122.4,625.2,0.6420444262960225,0.3796893519296861,0.619826934972145,0.35759038361999645,0.3801730650278551,0.620310648070314,0.46568275167806483,0.4997581434509155,0.47713797639759103,0.4134619839423782,-0.0004235668343721889,0.5182666673598043,0.690597886066757,0.7026597701463044
dst_yager_fire_specificity_silence_sensitivity_tau_0_9,dst_yager_fire_specificity_silence_sensitivity,0.9,371.8,237.0,388.2,750.6,1747.6,1122.4,625.2,0.6106544472740113,0.3312214105770156,0.6207823538223007,0.3408506514537966,0.3792176461776994,0.6687785894229844,0.4349005673092618,0.47600188219965817,0.42943239565698843,0.3645668157873877,-0.048242722597873315,0.5182666673598043,0.690597886066757,0.7309505679795392
naive_bayes_tau_0_1,naive_bayes,0.1,1118.2,602.2,23.0,4.2,1747.6,1122.4,625.2,0.64994657361839,0.9962731432885175,0.036704990900936284,0.8388271149140714,0.9632950090990636,0.0037268567114825983,0.653000082464977,0.5164890670947269,0.7866692900039981,0.9003142611614997,0.1267334379312269,0.5566246218589174,0.7094555338697777,0.5015176159361369
naive_bayes_tau_0_2,naive_bayes,0.2,481.2,244.8,380.4,641.2,1747.6,1122.4,625.2,0.6628156842233854,0.4287332595066859,0.6083864252725153,0.37236548474262576,0.39161357472748476,0.571266740493314,0.4930301191068141,0.5185598423896006,0.5206591807109631,0.4613103131604598,0.036137224560698976,0.5566246218589174,0.7094555338697777,0.7718659802394483
naive_bayes_tau_0_3,naive_bayes,0.3,458.4,166.2,459.0,664.0,1747.6,1122.4,625.2,0.7339474396097462,0.40844044991656653,0.7341213953936307,0.4087458768760003,0.26587860460636925,0.5915595500834334,0.5249714106932111,0.5712809226550987,0.5247881559719474,0.44818301584318015,0.1426254930480244,0.5566246218589174,0.7094555338697777,0.7810271378775904
naive_bayes_tau_0_4,naive_bayes,0.4,383.2,156.8,468.4,739.2,1747.6,1122.4,625.2,0.7097210818883551,0.34146847968522626,0.7492287762821829,0.38793061819836916,0.2507712237178171,0.6585315203147737,0.4873152487854946,0.5453486279837045,0.4610364817740756,0.3809870927233786,0.09410961388016242,0.5566246218589174,0.7094555338697777,0.8476079348055856
naive_bayes_tau_0_5,naive_bayes,0.5,294.6,91.4,533.8,827.8,1747.6,1122.4,625.2,0.762958168567326,0.2624800149602346,0.8538104762661929,0.3920914085500012,0.14618952373380714,0.7375199850397653,0.47403047644618884,0.5581452456132137,0.39051247593302474,0.3020940245427498,0.13427083694851535,0.5566246218589174,0.7094555338697777,0.8884072822493838
naive_bayes_tau_0_6,naive_bayes,0.6,273.8,89.4,535.8,848.6,1747.6,1122.4,625.2,0.7533663203920545,0.24400824648420807,0.857034255446799,0.3871417433014503,0.142965744553201,0.7559917535157918,0.46327901537783456,0.5505212509655035,0.3684398844854267,0.2821106829236909,0.1191389231577685,0.5566246218589174,0.7094555338697777,0.9069737818128208
naive_bayes_tau_0_7,naive_bayes,0.7,225.6,71.6,553.6,896.8,1747.6,1122.4,625.2,0.7593428155022247,0.20099280604149716,0.8854813714546654,0.3817050750450537,0.11451862854533448,0.7990071939585028,0.4458874972082737,0.5432370887480813,0.31776267443793554,0.2356241081491512,0.11042495950361206,0.5566246218589174,0.7094555338697777,0.9290859870061128
naive_bayes_tau_0_8,naive_bayes,0.8,197.0,59.8,565.4,925.4,1747.6,1122.4,625.2,0.79014943751001,0.17595690394692975,0.9046996124970107,0.3795786025431747,0.09530038750298919,0.8240430960530702,0.4363225395509299,0.5403282582219703,0.28276751885348983,0.20718666398939994,0.11473786752038657,0.5566246218589174,0.7094555338697777,0.9151213900734468
naive_bayes_tau_0_9,naive_bayes,0.9,72.8,1.4,623.8,1049.6,1747.6,1122.4,625.2,0.9811395955642531,0.0648738829234035,0.9977585893587045,0.3727964809348353,0.0022414106412954778,0.9351261170765965,0.3986174853203396,0.5313162361410539,0.12168561761656974,0.079770938741967,0.14886339758514086,0.5566246218589174,0.7094555338697777,0.9699336214042097
bks_tau_0_1,bks,0.1,1115.0,598.0,27.2,7.4,1747.6,1122.4,625.2,0.6508910859218041,0.9934389249184367,0.04342084296660727,0.7841949489975806,0.9565791570333927,0.006561075081563253,0.6535762982910118,0.518429883942522,0.7864713884022903,0.8988191943434085,0.12637634145404802,0.5851641292093619,0.7029670261214526,0.49184892499668476
bks_tau_0_2,bks,0.2,456.4,165.4,459.8,666.0,1747.6,1122.4,625.2,0.7340537652111878,0.4066447291206883,0.73543057490347,0.4084360392773876,0.26456942509653014,0.5933552708793117,0.5242801150645423,0.5710376520120791,0.5233238729699952,0.44645753825935336,0.1422801762536296,0.5851641292093619,0.7029670261214526,0.7844699853207787
bks_tau_0_3,bks,0.3,451.6,163.6,461.6,670.8,1747.6,1122.4,625.2,0.7341470733050702,0.40236004783202856,0.7382992097511497,0.40763319864925274,0.26170079024885023,0.5976399521679714,0.5225639640774455,0.5703296287915892,0.5197871123618099,0.4423277650950392,0.14121608279340817,0.5851641292093619,0.7029670261214526,0.7879280465580211
bks_tau_0_4,bks,0.4,317.2,109.2,516.0,805.2,1747.6,1122.4,625.2,0.7439121879986578,0.2826292397809305,0.8253339210054438,0.390593999105625,0.17466607899455622,0.7173707602190695,0.476791052357992,0.5539815803931871,0.40956726549100847,0.3226220877724268,0.12050095237470457,0.5851641292093619,0.7029670261214526,0.8947477495142643
bks_tau_0_5,bks,0.5,265.0,83.2,542.0,857.4,1747.6,1122.4,625.2,0.7610336188237852,0.23610352990035627,0.8669551685730555,0.387340747312069,0.13304483142694457,0.7638964700996438,0.4617962111866582,0.5515293492367058,0.36034547663417216,0.2738722799976941,0.12365017317830221,0.5851641292093619,0.7029670261214526,0.9315049589353182
bks_tau_0_6,bks,0.6,235.4,81.0,544.2,887.0,1747.6,1122.4,625.2,0.7436107575709597,0.20984294468422462,0.8704797980664514,0.38036146843973534,0.12952020193354855,0.7901570553157754,0.44613818925203486,0.540161371375338,0.32711929532905093,0.24496481047851967,0.09977016016009542,0.5851641292093619,0.7029670261214526,0.9584330144868248
bks_tau_0_7,bks,0.7,65.4,0.2,625.0,1057.0,1747.6,1122.4,625.2,0.9971428571428571,0.058264207577306514,0.9996742671009772,0.37159820943068034,0.0003257328990228013,0.9417357924226935,0.39506584268880396,0.5289692373391419,0.11007184809418029,0.07177751439975744,0.14609509541733556,0.5851641292093619,0.7029670261214526,0.9824770557152128
bks_tau_0_8,bks,0.8,63.4,0.2,625.0,1059.0,1747.6,1122.4,625.2,0.9971014492753623,0.05648080122026329,0.9996742671009772,0.37115482513644793,0.0003257328990228013,0.9435191987797367,0.39392360515503294,0.5280775341606203,0.1068905648845347,0.06961245214384368,0.1437517809617988,0.5851641292093619,0.7029670261214526,0.9879638009049774
bks_tau_0_9,bks,0.9,62.6,0.0,625.2,1059.8,1747.6,1122.4,625.2,1.0,0.05578088870932716,1.0,0.3710584567615112,0.0,0.9442191112906728,0.39358211397688836,0.5278904443546636,0.10565793126491756,0.06876544180589288,0.14384470816125197,0.5851641292093619,0.7029670261214526,0.9907211538461539
logistic_regression_tau_0_1,logistic_regression,0.1,1122.4,625.2,0.0,0.0,1747.6,1122.4,625.2,0.6422353127736966,1.0,0.0,,1.0,0.0,0.6422353127736966,0.5,0.7821323352815958,0.8997410663138237,,0.6253804489342821,0.7376077760527873,0.8767386944420261
logistic_regression_tau_0_2,logistic_regression,0.2,1122.4,625.2,0.0,0.0,1747.6,1122.4,625.2,0.6422353127736966,1.0,0.0,,1.0,0.0,0.6422353127736966,0.5,0.7821323352815958,0.8997410663138237,,0.6253804489342821,0.7376077760527873,0.8671821206774428
logistic_regression_tau_0_3,logistic_regression,0.3,1122.4,625.2,0.0,0.0,1747.6,1122.4,625.2,0.6422353127736966,1.0,0.0,,1.0,0.0,0.6422353127736966,0.5,0.7821323352815958,0.8997410663138237,,0.6253804489342821,0.7376077760527873,0.8605430659162911
logistic_regression_tau_0_4,logistic_regression,0.4,1122.4,625.2,0.0,0.0,1747.6,1122.4,625.2,0.6422353127736966,1.0,0.0,,1.0,0.0,0.6422353127736966,0.5,0.7821323352815958,0.8997410663138237,,0.6253804489342821,0.7376077760527873,0.758214484011502
logistic_regression_tau_0_5,logistic_regression,0.5,1122.4,625.2,0.0,0.0,1747.6,1122.4,625.2,0.6422353127736966,1.0,0.0,,1.0,0.0,0.6422353127736966,0.5,0.7821323352815958,0.8997410663138237,,0.6253804489342821,0.7376077760527873,0.5957411659309272
logistic_regression_tau_0_6,logistic_regression,0.6,458.0,166.6,458.6,664.4,1747.6,1122.4,625.2,0.7332914667742751,0.40808250193311446,0.7335170291056647,0.4084013348472316,0.26648297089433526,0.5919174980668855,0.5245090885892364,0.5707997655193896,0.5243243781874025,0.4477890558382761,0.14164460869503862,0.6253804489342821,0.7376077760527873,0.7830240789489948
logistic_regression_tau_0_7,logistic_regression,0.7,457.0,166.0,459.2,665.4,1747.6,1122.4,625.2,0.7335984543581542,0.4071832213575749,0.7344739669047078,0.4083428611980987,0.2655260330952922,0.5928167786424251,0.5242790713379426,0.5708285941311414,0.5236524371813166,0.44694247254054764,0.14179714359913334,0.6253804489342821,0.7376077760527873,0.7847599874564052
logistic_regression_tau_0_8,logistic_regression,0.8,456.6,166.0,459.2,665.8,1747.6,1122.4,625.2,0.7334246822763058,0.4068245852357961,0.7344739669047078,0.40819564720229173,0.2655260330952922,0.5931754147642039,0.5240504278427488,0.5706492760702521,0.5233138343918666,0.4465847898927452,0.1414572950521411,0.6253804489342821,0.7376077760527873,0.7845626189743881
logistic_regression_tau_0_9,logistic_regression,0.9,258.4,52.8,572.4,864.0,1747.6,1122.4,625.2,0.8304126159565343,0.23025670147235275,0.9154874688902865,0.3985221297752363,0.08451253110971349,0.7697432985276473,0.47540123452615646,0.5728720851813197,0.36049736630823237,0.2691505706313832,0.18265506988169236,0.6253804489342821,0.7376077760527873,0.7215904029960118
logistic_interactions_tau_0_1,logistic_interactions,0.1,1122.4,625.2,0.0,0.0,1747.6,1122.4,625.2,0.6422353127736966,1.0,0.0,,1.0,0.0,0.6422353127736966,0.5,0.7821323352815958,0.8997410663138237,,0.625068694479584,0.7368933837170922,0.8767386944420261
logistic_interactions_tau_0_2,logistic_interactions,0.2,1122.4,625.2,0.0,0.0,1747.6,1122.4,625.2,0.6422353127736966,1.0,0.0,,1.0,0.0,0.6422353127736966,0.5,0.7821323352815958,0.8997410663138237,,0.625068694479584,0.7368933837170922,0.8671821206774428
logistic_interactions_tau_0_3,logistic_interactions,0.3,1122.4,625.2,0.0,0.0,1747.6,1122.4,625.2,0.6422353127736966,1.0,0.0,,1.0,0.0,0.6422353127736966,0.5,0.7821323352815958,0.8997410663138237,,0.625068694479584,0.7368933837170922,0.855088366885645
logistic_interactions_tau_0_4,logistic_interactions,0.4,1122.4,625.2,0.0,0.0,1747.6,1122.4,625.2,0.6422353127736966,1.0,0.0,,1.0,0.0,0.6422353127736966,0.5,0.7821323352815958,0.8997410663138237,,0.625068694479584,0.7368933837170922,0.7510574868296991
logistic_interactions_tau_0_5,logistic_interactions,0.5,1122.4,625.2,0.0,0.0,1747.6,1122.4,625.2,0.6422353127736966,1.0,0.0,,1.0,0.0,0.6422353127736966,0.5,0.7821323352815958,0.8997410663138237,,0.625068694479584,0.7368933837170922,0.5959183138494392
logistic_interactions_tau_0_6,logistic_interactions,0.6,458.2,166.4,458.8,664.2,1747.6,1122.4,625.2,0.7336594000346428,0.4082574976347523,0.7338390462697871,0.4085729475575885,0.26616095373021287,0.5917425023652477,0.524737665987519,0.5710482719522697,0.5245463663104173,0.44797846181271145,0.14216235365464297,0.625068694479584,0.7368933837170922,0.7831761190085801
logistic_interactions_tau_0_7,logistic_interactions,0.7,457.0,166.0,459.2,665.4,1747.6,1122.4,625.2,0.7335984543581542,0.4071832213575749,0.7344739669047078,0.4083428611980987,0.2655260330952922,0.5928167786424251,0.5242790713379426,0.5708285941311414,0.5236524371813166,0.44694247254054764,0.14179714359913334,0.625068694479584,0.7368933837170922,0.7847599874564052
logistic_interactions_tau_0_8,logistic_interactions,0.8,401.8,123.0,502.2,720.6,1747.6,1122.4,625.2,0.7657258477171831,0.35800835950461507,0.8032160152180797,0.4107034938209019,0.19678398478192027,0.6419916404953849,0.5173073597552194,0.5806121873613475,0.4878788917751378,0.40066887426949493,0.1686517471069383,0.625068694479584,0.7368933837170922,0.7962513082788022
logistic_interactions_tau_0_9,logistic_interactions,0.9,356.2,105.2,520.0,766.2,1747.6,1122.4,625.2,0.7757300638096613,0.31782261929248107,0.8320439331538518,0.4049090709824898,0.16795606684614822,0.6821773807075189,0.5014428200870087,0.5749332762231665,0.44778182551470974,0.35939820265108235,0.1641825884708159,0.625068694479584,0.7368933837170922,0.7885057887695059
decision_tree_tau_0_1,decision_tree,0.1,1122.4,625.2,0.0,0.0,1747.6,1122.4,625.2,0.6422353127736966,1.0,0.0,,1.0,0.0,0.6422353127736966,0.5,0.7821323352815958,0.8997410663138237,,0.6245007091518472,0.7351983947711187,0.8763865683957801
decision_tree_tau_0_2,decision_tree,0.2,1122.4,625.2,0.0,0.0,1747.6,1122.4,625.2,0.6422353127736966,1.0,0.0,,1.0,0.0,0.6422353127736966,0.5,0.7821323352815958,0.8997410663138237,,0.6245007091518472,0.7351983947711187,0.8670049727589311
decision_tree_tau_0_3,decision_tree,0.3,1122.4,625.2,0.0,0.0,1747.6,1122.4,625.2,0.6422353127736966,1.0,0.0,,1.0,0.0,0.6422353127736966,0.5,0.7821323352815958,0.8997410663138237,,0.6245007091518472,0.7351983947711187,0.855088366885645
decision_tree_tau_0_4,decision_tree,0.4,1122.4,625.2,0.0,0.0,1747.6,1122.4,625.2,0.6422353127736966,1.0,0.0,,1.0,0.0,0.6422353127736966,0.5,0.7821323352815958,0.8997410663138237,,0.6245007091518472,0.7351983947711187,0.7510574868296991
decision_tree_tau_0_5,decision_tree,0.5,1122.4,625.2,0.0,0.0,1747.6,1122.4,625.2,0.6422353127736966,1.0,0.0,,1.0,0.0,0.6422353127736966,0.5,0.7821323352815958,0.8997410663138237,,0.6245007091518472,0.7351983947711187,0.5903190137619501
decision_tree_tau_0_6,decision_tree,0.6,459.4,166.8,458.4,663.0,1747.6,1122.4,625.2,0.7337003479591353,0.4093315577485191,0.7332014175373728,0.40880314701754744,0.2667985824626272,0.590668442251481,0.5251971726249287,0.5712664876429459,0.5254404686263189,0.44901494720978946,0.14251618329126625,0.6245007091518472,0.7351983947711187,0.7811419851635979
decision_tree_tau_0_7,decision_tree,0.7,457.4,165.8,459.4,665.0,1747.6,1122.4,625.2,0.7340211398882488,0.4075461977641085,0.7347929461710555,0.40859490529774734,0.2652070538289445,0.5924538022358915,0.5246239650210608,0.571169571967582,0.5240570928049695,0.4473224420384062,0.14247551330875796,0.6245007091518472,0.7351983947711187,0.7845159398373576
decision_tree_tau_0_8,decision_tree,0.8,402.4,122.8,502.4,720.0,1747.6,1122.4,625.2,0.76628826088426,0.3585468517415017,0.8035349944844274,0.41100389766247797,0.1964650055155726,0.6414531482584983,0.5177660205017072,0.5810409231129645,0.4884923192851205,0.4012389811249809,0.16951279160274002,0.6245007091518472,0.7351983947711187,0.7965606891941126
decision_tree_tau_0_9,decision_tree,0.9,391.2,120.4,504.8,731.2,1747.6,1122.4,625.2,0.7647431558618383,0.3485867492715413,0.8074074016824945,0.40845061799055005,0.19259259831750558,0.6514132507284587,0.5127260184971585,0.5779970754770178,0.47885128660405724,0.3911464645399055,0.16436738236422707,0.6245007091518472,0.7351983947711187,0.8020906796138562
random_forest_tau_0_1,random_forest,0.1,1122.4,625.2,0.0,0.0,1747.6,1122.4,625.2,0.6422353127736966,1.0,0.0,,1.0,0.0,0.6422353127736966,0.5,0.7821323352815958,0.8997410663138237,,0.6266229357644141,0.7397051497014274,0.8765637163142921
random_forest_tau_0_2,random_forest,0.2,1122.4,625.2,0.0,0.0,1747.6,1122.4,625.2,0.6422353127736966,1.0,0.0,,1.0,0.0,0.6422353127736966,0.5,0.7821323352815958,0.8997410663138237,,0.6266229357644141,0.7397051497014274,0.8689648395993584
random_forest_tau_0_3,random_forest,0.3,1122.4,625.2,0.0,0.0,1747.6,1122.4,625.2,0.6422353127736966,1.0,0.0,,1.0,0.0,0.6422353127736966,0.5,0.7821323352815958,0.8997410663138237,,0.6266229357644141,0.7397051497014274,0.855265514804157
random_forest_tau_0_4,random_forest,0.4,1122.4,625.2,0.0,0.0,1747.6,1122.4,625.2,0.6422353127736966,1.0,0.0,,1.0,0.0,0.6422353127736966,0.5,0.7821323352815958,0.8997410663138237,,0.6266229357644141,0.7397051497014274,0.7479100503212643
random_forest_tau_0_5,random_forest,0.5,1122.4,625.2,0.0,0.0,1747.6,1122.4,625.2,0.6422353127736966,1.0,0.0,,1.0,0.0,0.6422353127736966,0.5,0.7821323352815958,0.8997410663138237,,0.6266229357644141,0.7397051497014274,0.6064959092995347
random_forest_tau_0_6,random_forest,0.6,459.2,166.6,458.6,663.2,1747.6,1122.4,625.2,0.7338455611112981,0.4091500695452523,0.7335148971611972,0.4088325362329832,0.2664851028388028,0.5908499304547477,0.5251971726249287,0.5713324833532247,0.5253297141213592,0.4488517260593651,0.1426693581590654,0.6266229357644141,0.7397051497014274,0.7814849267748321
random_forest_tau_0_7,random_forest,0.7,457.0,165.2,460.0,665.4,1747.6,1122.4,625.2,0.7345578790933429,0.4071832213575749,0.7357495541698176,0.40875964638283746,0.2642504458301824,0.5928167786424251,0.52473877581103,0.5714663877636962,0.5238955051196656,0.4470131556927674,0.14312279813399464,0.6266229357644141,0.7397051497014274,0.7847599874564052
random_forest_tau_0_8,random_forest,0.8,398.4,119.8,505.4,724.0,1747.6,1122.4,625.2,0.7689923139637072,0.3549692994547403,0.8083503727328154,0.41109562447908976,0.19164962726718465,0.6450307005452597,0.5171928789947504,0.5816598360937778,0.4856905600282748,0.39779216581449905,0.17149444118489393,0.6266229357644141,0.7397051497014274,0.7975980905618835
random_forest_tau_0_9,random_forest,0.9,378.6,111.2,514.0,743.8,1747.6,1122.4,625.2,0.7730755363038523,0.33735775918496386,0.8221149356312438,0.40868993944746085,0.17788506436875634,0.6626422408150361,0.5107841055783439,0.5797363474081039,0.46967626703989057,0.38019816426960296,0.17025055731982291,0.6266229357644141,0.7397051497014274,0.8098339694744583
gradient_boosting_tau_0_1,gradient_boosting,0.1,1122.4,625.2,0.0,0.0,1747.6,1122.4,625.2,0.6422353127736966,1.0,0.0,,1.0,0.0,0.6422353127736966,0.5,0.7821323352815958,0.8997410663138237,,0.6252509472575508,0.7369533102234218,0.8769261367411041
gradient_boosting_tau_0_2,gradient_boosting,0.2,1122.4,625.2,0.0,0.0,1747.6,1122.4,625.2,0.6422353127736966,1.0,0.0,,1.0,0.0,0.6422353127736966,0.5,0.7821323352815958,0.8997410663138237,,0.6252509472575508,0.7369533102234218,0.8670049727589311
gradient_boosting_tau_0_3,gradient_boosting,0.3,1122.4,625.2,0.0,0.0,1747.6,1122.4,625.2,0.6422353127736966,1.0,0.0,,1.0,0.0,0.6422353127736966,0.5,0.7821323352815958,0.8997410663138237,,0.6252509472575508,0.7369533102234218,0.855088366885645
gradient_boosting_tau_0_4,gradient_boosting,0.4,1122.4,625.2,0.0,0.0,1747.6,1122.4,625.2,0.6422353127736966,1.0,0.0,,1.0,0.0,0.6422353127736966,0.5,0.7821323352815958,0.8997410663138237,,0.6252509472575508,0.7369533102234218,0.7510574868296991
gradient_boosting_tau_0_5,gradient_boosting,0.5,1121.2,622.8,2.4,1.2,1747.6,1122.4,625.2,0.6428732398502984,0.9989371124889281,0.00380952380952381,0.6666666666666666,0.9961904761904762,0.0010628875110717448,0.6429175185724458,0.501373318149226,0.7822768235883704,0.8992997311271609,0.06542636123079087,0.6252509472575508,0.7369533102234218,0.5889937580486543
gradient_boosting_tau_0_6,gradient_boosting,0.6,458.4,166.2,459.0,664.0,1747.6,1122.4,625.2,0.733988347403064,0.40843735374986023,0.7341580255361349,0.40874978221718183,0.26584197446386515,0.5915626462501399,0.5249676832388128,0.5712976896429975,0.5247789244499521,0.4481762466228381,0.1426646503507081,0.6252509472575508,0.7369533102234218,0.7828274112784037
gradient_boosting_tau_0_7,gradient_boosting,0.7,456.8,165.8,459.4,665.6,1747.6,1122.4,625.2,0.7337590634845645,0.407006073439063,0.7347929461710555,0.40837300798410575,0.2652070538289445,0.592993926560937,0.5242803789971313,0.5708995098050592,0.5235470047084518,0.44678370932882194,0.14196336791281164,0.6252509472575508,0.7369533102234218,0.784663489859655
gradient_boosting_tau_0_8,gradient_boosting,0.8,402.0,122.6,502.6,720.4,1747.6,1122.4,625.2,0.7663950803959436,0.358188215619723,0.8038591435930174,0.4109665482197803,0.19614085640698264,0.6418117843802771,0.5176521216995712,0.5810236796063701,0.4881813071400559,0.40088558604539004,0.16952785543748777,0.6252509472575508,0.7369533102234218,0.7963426975138624
gradient_boosting_tau_0_9,gradient_boosting,0.9,334.4,95.0,530.2,788.0,1747.6,1122.4,625.2,0.7844022405313948,0.298003364038275,0.8480065576182211,0.4025842712242326,0.1519934423817789,0.701996635961725,0.4947733356412674,0.573004960828248,0.427865811799854,0.33894681151358863,0.16472537688882333,0.6252509472575508,0.7369533102234218,0.7686834767202073
xgboost_tau_0_1,xgboost,0.1,1122.4,625.2,0.0,0.0,1747.6,1122.4,625.2,0.6422353127736966,1.0,0.0,,1.0,0.0,0.6422353127736966,0.5,0.7821323352815958,0.8997410663138237,,0.6197761456390574,0.7312969495216971,0.87727826278735
xgboost_tau_0_2,xgboost,0.2,1122.4,625.2,0.0,0.0,1747.6,1122.4,625.2,0.6422353127736966,1.0,0.0,,1.0,0.0,0.6422353127736966,0.5,0.7821323352815958,0.8997410663138237,,0.6197761456390574,0.7312969495216971,0.8671821206774428
xgboost_tau_0_3,xgboost,0.3,1122.4,625.2,0.0,0.0,1747.6,1122.4,625.2,0.6422353127736966,1.0,0.0,,1.0,0.0,0.6422353127736966,0.5,0.7821323352815958,0.8997410663138237,,0.6197761456390574,0.7312969495216971,0.8607202138348029
xgboost_tau_0_4,xgboost,0.4,1122.4,625.2,0.0,0.0,1747.6,1122.4,625.2,0.6422353127736966,1.0,0.0,,1.0,0.0,0.6422353127736966,0.5,0.7821323352815958,0.8997410663138237,,0.6197761456390574,0.7312969495216971,0.7623680118721996
xgboost_tau_0_5,xgboost,0.5,1122.4,625.2,0.0,0.0,1747.6,1122.4,625.2,0.6422353127736966,1.0,0.0,,1.0,0.0,0.6422353127736966,0.5,0.7821323352815958,0.8997410663138237,,0.6197761456390574,0.7312969495216971,0.5790747408012221
xgboost_tau_0_6,xgboost,0.6,458.2,167.2,458.0,664.2,1747.6,1122.4,625.2,0.7327048778086266,0.4082606778062644,0.7325606860656382,0.40815415903598795,0.2674393139343619,0.5917393221937357,0.5242802495708746,0.5704106819359512,0.524311616278504,0.4479129871383802,0.1408384017090078,0.6197761456390574,0.7312969495216971,0.783579868328415
xgboost_tau_0_7,xgboost,0.7,458.0,166.6,458.6,664.4,1747.6,1122.4,625.2,0.7333292275856363,0.4080835298877524,0.733522858548469,0.4083965834452236,0.26647714145153106,0.5919164701122476,0.5245090885892364,0.5708031942181107,0.5243246746289196,0.44778879517012343,0.14166430178222528,0.6197761456390574,0.7312969495216971,0.7834837831145567
xgboost_tau_0_8,xgboost,0.8,401.2,123.0,502.2,721.2,1747.6,1122.4,625.2,0.7654203153781833,0.3574833686026132,0.8032160152180797,0.410518967744128,0.19678398478192027,0.6425166313973868,0.5169628076503014,0.5803496919103465,0.48731966551261496,0.40012264148746396,0.16814312724794095,0.6197761456390574,0.7312969495216971,0.7974760215764874
xgboost_tau_0_9,xgboost,0.9,201.2,53.6,571.6,921.2,1747.6,1122.4,625.2,0.7895602629368018,0.17930138356126057,0.9142269726809598,0.3829388074038359,0.08577302731904018,0.8206986164387395,0.44221075211553396,0.5467641781211101,0.29219856875284655,0.2120763040061457,0.12701401604724122,0.6197761456390574,0.7312969495216971,0.8235327290276278
