TOOL,RULE_ID,A1,A2,A3,DECISION
Pylint,W0122,,,,CWE-94
Pylint,W0123,,,,CWE-95
Pylint,W0401,,,,CWE-829
Pylint,W0611,,,,CWE-563
Pylint,W1501,,,,CWE-78
Pylint,W1507,,,,CWE-78
Pylint,W1508,,,,CWE-78
Pylint,W1509,,,,CWE-78
Pylint,W1510,,,,CWE-78
Pylint,W1514,,,,CWE-377
Pylint,W3101,,,,CWE-319
Pylint,W0702,,,,CWE-703
Pylint,W0718,,,,CWE-703
Pylint,W0212,,,,CWE-477
Pylint,E2502,,,,CWE-15
Pylint,E1507,,,,CWE-78
Joern,broadcast-to-file-write,,,,CWE-73
Joern,external-storage-to-dex-classloader,,,,CWE-470
Joern,intent-to-runtime-exec,,,,CWE-78
Joern,insecure-load-url-to-exec,,,,CWE-78
Joern,manifest-backup-enabled,,,,CWE-200
Joern,tap-jacking,,,,CWE-1021
Joern,vuln-prng-android-v16_18,,,,CWE-338
Joern,intent-redirection,,,,CWE-441
Joern,fragment-injection,,,,CWE-470
Joern,copy-loop,,,,CWE-787
Joern,setuid-without-setgid,,,,CWE-269
Joern,setgid-without-setgroups,,,,CWE-269
Joern,call-to-gets,,,,CWE-242
Joern,format-controlled-printf,,,,CWE-134
Joern,call-to-scanf,,,,CWE-120
Joern,call-to-strcat,,,,CWE-120
Joern,call-to-strcpy,,,,CWE-120
Joern,call-to-strtok,,,,CWE-676
Joern,call-to-getwd,,,,CWE-120
Joern,file-operation-race,,,,CWE-367
Joern,malloc-memcpy-int-overflow,,,,CWE-122;CWE-190
Joern,strlen-truncation,,,,CWE-197
Joern,constant-array-access-no-check,,,,CWE-129
Joern,strncpy-no-null-term,,,,CWE-170
Joern,unchecked-read-recv-malloc,,,,CWE-252
Joern,signed-left-shift,,,,CWE-190
Joern,socket-send,,,,CWE-252
Joern,free-field-no-reassign,,,,CWE-416
Joern,free-returned-value,,,,CWE-416
Joern,free-follows-value-reuse,,,,CWE-416
Joern,call-to-strcpy-ghidra,,,,CWE-120
Joern,getenv-to-strcpy,,,,CWE-120
Joern,ineffective-certificate-check,,,,CWE-295
Joern,xss-servlet,,,,CWE-79
Joern,unsafe-crypto-hash-algo,,,,CWE-327;CWE-328
Joern,low-pbe-key-iterations,,,,CWE-916
Joern,call-to-exec,,,,CWE-78;CWE-676
Joern,sql-injection,,,,CWE-89
Joern,spring-expression-language-injection,,,,CWE-917
Joern,usage-of-nop-trust-manager,,,,CWE-295
Joern,usage-of-insecure-protocol,,,,CWE-319
Joern,unzip-directory-traversal,,,,CWE-22
Joern,magic-hash,,,,CWE-697
Joern,phpjoern_sqli,,,,CWE-89
Joern,phpjoern_cmdi,,,,CWE-77
Joern,phpjoern_codei,,,,CWE-94
Joern,phpjoern_uuf,,,,CWE-434
Joern,phpjoern_xss,,,,CWE-79
Joern,php-sql-injection,,,,CWE-89
Joern,shell-exec,,,,CWE-78
Joern,twig-template-injection,,,,CWE-1336
Ikos,unreachable,,,,CWE-561
Ikos,uninitialized-variable,,,,CWE-457
Ikos,assert,,,,CWE-617
Ikos,division-by-zero,,,,CWE-369
Ikos,shift-count,,,,CWE-758
Ikos,signed-int-underflow,,,,CWE-191
Ikos,signed-int-overflow,,,,CWE-190
Ikos,unsigned-int-underflow,,,,CWE-191
Ikos,unsigned-int-overflow,,,,CWE-190
Ikos,null-pointer-deref,,,,CWE-476
Ikos,null-pointer-comparison,,,,CWE-758
Ikos,invalid-pointer-comparison,,,,CWE-758
Ikos,pointer-comparison,,,,CWE-758
Ikos,pointer-overflow,,,,CWE-823
Ikos,invalid-pointer-deref,,,,CWE-119
Ikos,unknown-memory-access,,,,CWE-119
Ikos,unaligned-pointer,,,,CWE-758
Ikos,buffer-overflow-gets,,,,CWE-242;CWE-120
Ikos,buffer-overflow,,,,CWE-119
Ikos,unknown-function-call-pointer,,,,CWE-758
Ikos,function-call,,,,CWE-758;CWE-628
Ikos,free,,,,CWE-415;CWE-590
