baseline,baseline_strategy,strategy,metric,n_pairs,n_nonzero_pairs,mean_difference,weighted_difference,n_effective,hodges_lehmann,p_value,ci_low,ci_high,ci_level,status,n_coverage_gain,n_coverage_loss
traditional,traditional_2_of_4,weighted_fire_specificity_silence_sensitivity_tau_0_5,f1,15,13,0.08746163051116403,0.09670413337336876,9.148862342099319,0.08140578805989584,0.00341796875,0.03517008044638435,0.15947627975116235,0.95,incremento_statistico,2,0
traditional,traditional_2_of_4,dst_dempster_fire_specificity_silence_sensitivity_tau_0_5,f1,15,14,0.08555019117794335,0.09660741236039584,9.148862342099319,0.07664468507634584,0.0052490234375,0.027166529214515144,0.15015014744423058,0.95,incremento_statistico,3,0
traditional,traditional_2_of_4,dst_pcr6_fire_specificity_silence_sensitivity_tau_0_7,f1,15,13,0.08888746750401462,0.09711577246269686,9.148862342099319,0.08357895286376452,0.00244140625,0.03517008044638435,0.15947627975116235,0.95,incremento_statistico,2,0
traditional,traditional_2_of_4,dst_yager_fire_specificity_silence_sensitivity_tau_0_6,f1,15,13,0.08746163051116403,0.09670413337336876,9.148862342099319,0.08140578805989584,0.00341796875,0.03517008044638435,0.15947627975116235,0.95,incremento_statistico,2,0
traditional,traditional_2_of_4,naive_bayes_tau_0_1,f1,15,13,0.0852318466432856,0.0909829798976551,9.148862342099319,0.07755100433997289,0.004638671875,0.03155909960216,0.16452271716925013,0.95,incremento_statistico,2,0
traditional,traditional_2_of_4,bks_tau_0_1,f1,15,13,0.08021130544951331,0.06634936596058719,9.148862342099319,0.08007625797116721,0.010498046875,0.019359973263887744,0.16481472677366119,0.95,incremento_statistico,2,0
traditional,traditional_2_of_4,logistic_regression_tau_0_5,f1,15,15,0.08984160386530854,0.1005820849378683,9.148862342099319,0.07483972168641441,0.00262451171875,0.027333218596111798,0.1363183486728491,0.95,incremento_statistico,4,0
traditional,traditional_2_of_4,logistic_interactions_tau_0_5,f1,15,15,0.09083752481787703,0.10253865319562375,9.148862342099319,0.07555060009670461,0.00262451171875,0.027333218596111798,0.13559139674855264,0.95,incremento_statistico,4,0
traditional,traditional_2_of_4,decision_tree_tau_0_5,f1,15,15,0.09156814278297738,0.10107923888368231,9.148862342099319,0.07489635582392695,0.00262451171875,0.030008667885189702,0.1338524438316379,0.95,incremento_statistico,4,0
traditional,traditional_2_of_4,random_forest_tau_0_5,f1,15,14,0.09198249356846298,0.10156051982220268,9.148862342099319,0.08175028690967465,0.0023193359375,0.03323439961134974,0.15063954767832766,0.95,incremento_statistico,3,0
traditional,traditional_2_of_4,gradient_boosting_tau_0_5,f1,15,14,0.08871137835544525,0.09983653267049855,9.148862342099319,0.08139983588030286,0.0030517578125,0.027166529214515144,0.1511141667911086,0.95,incremento_statistico,3,0
traditional,traditional_2_of_4,xgboost_tau_0_5,f1,15,15,0.09216163561438484,0.10366499409278736,9.148862342099319,0.07726759321478541,0.00335693359375,0.031620586913452445,0.1363183486728491,0.95,incremento_statistico,4,0
