language,strategy,base_strategy,final_tau,n_folds,n_folds_agreeing_with_final,tau_min,tau_max,tau_mode,spread,per_fold_taus
python,DST Dempster,dst_dempster_fire_specificity_silence_sensitivity,0.5,5,2,0.4,0.9,0.4,0.5,"0.4,0.4,0.5,0.5,0.9"
python,DST PCR6,dst_pcr6_fire_specificity_silence_sensitivity,0.7,5,4,0.4,0.7,0.7,0.3,"0.4,0.7,0.7,0.7,0.7"
python,DST Yager,dst_yager_fire_specificity_silence_sensitivity,0.6,5,2,0.4,0.7,0.4,0.3,"0.4,0.4,0.6,0.6,0.7"
python,BKS,bks,0.1,5,3,0.1,0.2,0.1,0.1,"0.1,0.1,0.1,0.2,0.2"
python,Weighted Voting,weighted_fire_specificity_silence_sensitivity,0.5,5,4,0.5,0.6,0.5,0.1,"0.5,0.5,0.5,0.5,0.6"
python,Decision Tree,decision_tree,0.5,5,5,0.5,0.5,0.5,0.0,"0.5,0.5,0.5,0.5,0.5"
python,Logistic Interactions,logistic_interactions,0.5,5,5,0.5,0.5,0.5,0.0,"0.5,0.5,0.5,0.5,0.5"
python,Gradient Boosting,gradient_boosting,0.5,5,5,0.5,0.5,0.5,0.0,"0.5,0.5,0.5,0.5,0.5"
python,Logistic Regression,logistic_regression,0.5,5,5,0.5,0.5,0.5,0.0,"0.5,0.5,0.5,0.5,0.5"
python,Naive Bayes,naive_bayes,0.1,5,5,0.1,0.1,0.1,0.0,"0.1,0.1,0.1,0.1,0.1"
python,Random Forest,random_forest,0.5,5,5,0.5,0.5,0.5,0.0,"0.5,0.5,0.5,0.5,0.5"
python,XGBoost,xgboost,0.5,5,5,0.5,0.5,0.5,0.0,"0.5,0.5,0.5,0.5,0.5"
