tool_a,tool_b,double_fault,disagreement,q_statistic
codeql,cppcheck,0.014772953950495367,0.005256573487365261,0.9994077824658864
codeql,flawfinder,0.012288117853633549,0.02156130945198159,0.9833229886629957
codeql,ikos,0.014686760428800457,0.004821911870818075,0.9997058564730259
codeql,joern,0.014723700509526847,0.004613816082726079,0.9998109719487622
codeql,semgrep,0.014716312493381569,0.004499917500486378,0.9998828901751533
cppcheck,flawfinder,0.012023380608427756,0.01885360153473722,0.9903075850060264
cppcheck,ikos,0.01467567840458254,0.001606893511597954,0.9999233373738092
cppcheck,joern,0.014717543829405781,0.0013889470353122546,0.9999523611527011
cppcheck,semgrep,0.014733551197720551,0.001228257684152459,0.9999740724945636
flawfinder,ikos,0.011958735467156574,0.01837584315734258,0.9916246469032849
flawfinder,joern,0.012158211903079079,0.017842674658858356,0.9927122843768915
flawfinder,semgrep,0.012084947409638405,0.01786052903120944,0.9927739816108646
ikos,joern,0.014668290388437262,0.000880405257312289,0.9999737853791469
ikos,semgrep,0.014682450752715712,0.0007234099142251325,0.9999842902930763
joern,semgrep,0.014745248889950574,0.0004635980131161913,0.9999931697055464
