fold,base_strategy,tau,strategy
0,weighted_fire_specificity_silence_sensitivity,0.9,weighted_fire_specificity_silence_sensitivity_tau_0_9
0,dst_dempster_fire_specificity_silence_sensitivity,0.4,dst_dempster_fire_specificity_silence_sensitivity_tau_0_4
0,dst_pcr6_fire_specificity_silence_sensitivity,0.4,dst_pcr6_fire_specificity_silence_sensitivity_tau_0_4
0,dst_yager_fire_specificity_silence_sensitivity,0.4,dst_yager_fire_specificity_silence_sensitivity_tau_0_4
0,naive_bayes,0.1,naive_bayes_tau_0_1
0,bks,0.1,bks_tau_0_1
0,logistic_regression,0.5,logistic_regression_tau_0_5
0,logistic_interactions,0.5,logistic_interactions_tau_0_5
0,decision_tree,0.5,decision_tree_tau_0_5
0,random_forest,0.5,random_forest_tau_0_5
0,gradient_boosting,0.5,gradient_boosting_tau_0_5
0,xgboost,0.5,xgboost_tau_0_5
1,weighted_fire_specificity_silence_sensitivity,0.9,weighted_fire_specificity_silence_sensitivity_tau_0_9
1,dst_dempster_fire_specificity_silence_sensitivity,0.4,dst_dempster_fire_specificity_silence_sensitivity_tau_0_4
1,dst_pcr6_fire_specificity_silence_sensitivity,0.4,dst_pcr6_fire_specificity_silence_sensitivity_tau_0_4
1,dst_yager_fire_specificity_silence_sensitivity,0.4,dst_yager_fire_specificity_silence_sensitivity_tau_0_4
1,naive_bayes,0.1,naive_bayes_tau_0_1
1,bks,0.1,bks_tau_0_1
1,logistic_regression,0.5,logistic_regression_tau_0_5
1,logistic_interactions,0.5,logistic_interactions_tau_0_5
1,decision_tree,0.5,decision_tree_tau_0_5
1,random_forest,0.5,random_forest_tau_0_5
1,gradient_boosting,0.5,gradient_boosting_tau_0_5
1,xgboost,0.5,xgboost_tau_0_5
2,weighted_fire_specificity_silence_sensitivity,0.8,weighted_fire_specificity_silence_sensitivity_tau_0_8
2,dst_dempster_fire_specificity_silence_sensitivity,0.4,dst_dempster_fire_specificity_silence_sensitivity_tau_0_4
2,dst_pcr6_fire_specificity_silence_sensitivity,0.4,dst_pcr6_fire_specificity_silence_sensitivity_tau_0_4
2,dst_yager_fire_specificity_silence_sensitivity,0.4,dst_yager_fire_specificity_silence_sensitivity_tau_0_4
2,naive_bayes,0.1,naive_bayes_tau_0_1
2,bks,0.1,bks_tau_0_1
2,logistic_regression,0.5,logistic_regression_tau_0_5
2,logistic_interactions,0.5,logistic_interactions_tau_0_5
2,decision_tree,0.5,decision_tree_tau_0_5
2,random_forest,0.5,random_forest_tau_0_5
2,gradient_boosting,0.5,gradient_boosting_tau_0_5
2,xgboost,0.5,xgboost_tau_0_5
3,weighted_fire_specificity_silence_sensitivity,0.9,weighted_fire_specificity_silence_sensitivity_tau_0_9
3,dst_dempster_fire_specificity_silence_sensitivity,0.4,dst_dempster_fire_specificity_silence_sensitivity_tau_0_4
3,dst_pcr6_fire_specificity_silence_sensitivity,0.4,dst_pcr6_fire_specificity_silence_sensitivity_tau_0_4
3,dst_yager_fire_specificity_silence_sensitivity,0.4,dst_yager_fire_specificity_silence_sensitivity_tau_0_4
3,naive_bayes,0.1,naive_bayes_tau_0_1
3,bks,0.1,bks_tau_0_1
3,logistic_regression,0.5,logistic_regression_tau_0_5
3,logistic_interactions,0.5,logistic_interactions_tau_0_5
3,decision_tree,0.5,decision_tree_tau_0_5
3,random_forest,0.5,random_forest_tau_0_5
3,gradient_boosting,0.5,gradient_boosting_tau_0_5
3,xgboost,0.5,xgboost_tau_0_5
4,weighted_fire_specificity_silence_sensitivity,0.9,weighted_fire_specificity_silence_sensitivity_tau_0_9
4,dst_dempster_fire_specificity_silence_sensitivity,0.4,dst_dempster_fire_specificity_silence_sensitivity_tau_0_4
4,dst_pcr6_fire_specificity_silence_sensitivity,0.4,dst_pcr6_fire_specificity_silence_sensitivity_tau_0_4
4,dst_yager_fire_specificity_silence_sensitivity,0.4,dst_yager_fire_specificity_silence_sensitivity_tau_0_4
4,naive_bayes,0.1,naive_bayes_tau_0_1
4,bks,0.1,bks_tau_0_1
4,logistic_regression,0.5,logistic_regression_tau_0_5
4,logistic_interactions,0.5,logistic_interactions_tau_0_5
4,decision_tree,0.5,decision_tree_tau_0_5
4,random_forest,0.5,random_forest_tau_0_5
4,gradient_boosting,0.5,gradient_boosting_tau_0_5
4,xgboost,0.5,xgboost_tau_0_5
