base_strategy,tau,strategy
weighted_fire_specificity_silence_sensitivity,0.9,weighted_fire_specificity_silence_sensitivity_tau_0_9
dst_dempster_fire_specificity_silence_sensitivity,0.4,dst_dempster_fire_specificity_silence_sensitivity_tau_0_4
dst_pcr6_fire_specificity_silence_sensitivity,0.4,dst_pcr6_fire_specificity_silence_sensitivity_tau_0_4
dst_yager_fire_specificity_silence_sensitivity,0.4,dst_yager_fire_specificity_silence_sensitivity_tau_0_4
naive_bayes,0.1,naive_bayes_tau_0_1
bks,0.1,bks_tau_0_1
logistic_regression,0.5,logistic_regression_tau_0_5
logistic_interactions,0.5,logistic_interactions_tau_0_5
decision_tree,0.5,decision_tree_tau_0_5
random_forest,0.5,random_forest_tau_0_5
gradient_boosting,0.5,gradient_boosting_tau_0_5
xgboost,0.5,xgboost_tau_0_5
