base_strategy,strategy,tau,tp,fp,tn,fn,support,positive_support,negative_support,precision,recall,specificity,npv,fpr,fnr,accuracy,balanced_accuracy,f1,f2,mcc,roc_auc,pr_auc,cwe_attribution_acc
or_1_of_6,or_1_of_6,,1869.0,1966.2,4703.2,3063.4,11601.8,4932.4,6669.4,0.4873089578546089,0.37891150503429327,0.7051858517163836,0.605565834768886,0.29481414828361635,0.6210884949657067,0.5664809533068698,0.5420486783753384,0.4263208096803292,0.39654981234714143,0.08837692465813728,0.5420486783753384,0.44870541394455055,0.5181530711572597
traditional_2_of_6,traditional_2_of_6,,143.2,109.2,6560.2,4789.2,11601.8,4932.4,6669.4,0.5665702516857772,0.029037549337237557,0.9836283542142183,0.5780243078772068,0.016371645785781614,0.9709624506627625,0.577789977868054,0.506332951775728,0.055231248027136706,0.035835571773100795,0.042773183733623696,0.543231758266738,0.4513787054444062,0.4363210635457765
traditional_3_of_6,traditional_3_of_6,,18.4,12.8,6656.6,4914.0,11601.8,4932.4,6669.4,0.5865866174055829,0.0037313270116529447,0.9980808805884152,0.5753034887365287,0.001919119411584877,0.9962686729883471,0.5753421714753738,0.5009061038000341,0.007415237940668391,0.004656714333824855,0.017116999441039726,0.543231758266738,0.4513787054444062,0.7224910923120642
weighted_fire_specificity_silence_sensitivity,weighted_fire_specificity_silence_sensitivity_tau_0_1,0.1,1869.0,1966.2,4703.2,3063.4,11601.8,4932.4,6669.4,0.4873089578546089,0.37891150503429327,0.7051858517163836,0.605565834768886,0.29481414828361635,0.6210884949657067,0.5664809533068698,0.5420486783753384,0.4263208096803292,0.39654981234714143,0.08837692465813728,0.5450545079031033,0.4543378693073018,0.5180428783197941
dst_dempster_fire_specificity_silence_sensitivity,dst_dempster_fire_specificity_silence_sensitivity_tau_0_3,0.3,4932.4,6669.4,0.0,0.0,11601.8,4932.4,6669.4,0.4251405857067784,1.0,0.0,0.605565834768886,1.0,0.0,0.4251405857067784,0.5,0.5966285333073972,0.7871317548888508,0.08837692465813728,0.5465303242375776,0.4620975821713924,0.9506058369092116
dst_pcr6_fire_specificity_silence_sensitivity,dst_pcr6_fire_specificity_silence_sensitivity_tau_0_1,0.1,4932.4,6669.4,0.0,0.0,11601.8,4932.4,6669.4,0.4251405857067784,1.0,0.0,0.605565834768886,1.0,0.0,0.4251405857067784,0.5,0.5966285333073972,0.7871317548888508,0.08837692465813728,0.5465236300202534,0.46090819238970393,0.9506058369092116
dst_yager_fire_specificity_silence_sensitivity,dst_yager_fire_specificity_silence_sensitivity_tau_0_3,0.3,4932.4,6669.4,0.0,0.0,11601.8,4932.4,6669.4,0.4251405857067784,1.0,0.0,0.605565834768886,1.0,0.0,0.4251405857067784,0.5,0.5966285333073972,0.7871317548888508,0.08837692465813728,0.5463570689729655,0.45948888390042236,0.9506058369092116
naive_bayes,naive_bayes_tau_0_1,0.1,4932.4,6669.4,0.0,0.0,11601.8,4932.4,6669.4,0.4251405857067784,1.0,0.0,0.6015180300187277,1.0,0.0,0.4251405857067784,0.5,0.5966285333073972,0.7871317548888508,0.08360738739531293,0.5401700085840485,0.45510691737586945,0.4408856080370468
bks,bks_tau_0_1,0.1,4931.8,6667.8,1.6,0.6,11601.8,4932.4,6669.4,0.4251692629386882,0.9998776758409786,0.0002396118068054451,0.9142857142857143,0.9997603881931946,0.0001223241590214067,0.42522677923574903,0.500058643823892,0.5966351216317698,0.7870909621529859,0.006338615149689459,0.5400242240088684,0.4530124018706645,0.44073675943184865
logistic_regression,logistic_regression_tau_0_2,0.2,4932.4,6669.4,0.0,0.0,11601.8,4932.4,6669.4,0.4251405857067784,1.0,0.0,0.585864785108989,1.0,0.0,0.4251405857067784,0.5,0.5966285333073972,0.7871317548888508,0.06079215359111336,0.5423299422577861,0.45270920969861017,0.9529316203296763
logistic_interactions,logistic_interactions_tau_0_2,0.2,4932.4,6669.4,0.0,0.0,11601.8,4932.4,6669.4,0.4251405857067784,1.0,0.0,0.5859217409156163,1.0,0.0,0.4251405857067784,0.5,0.5966285333073972,0.7871317548888508,0.06146913189232204,0.542240923293256,0.4527240820159012,0.9529316203296763
decision_tree,decision_tree_tau_0_1,0.1,4932.4,6669.4,0.0,0.0,11601.8,4932.4,6669.4,0.4251405857067784,1.0,0.0,0.5854068028915811,1.0,0.0,0.4251405857067784,0.5,0.5966285333073972,0.7871317548888508,0.059450527335355406,0.5414813304652731,0.45162393819727675,0.9527697585210969
random_forest,random_forest_tau_0_1,0.1,4932.4,6669.4,0.0,0.0,11601.8,4932.4,6669.4,0.4251405857067784,1.0,0.0,0.5858564761681923,1.0,0.0,0.4251405857067784,0.5,0.5966285333073972,0.7871317548888508,0.06122120304429061,0.5421672081668316,0.4518422440992233,0.952891374103376
gradient_boosting,gradient_boosting_tau_0_1,0.1,4932.4,6669.4,0.0,0.0,11601.8,4932.4,6669.4,0.4251405857067784,1.0,0.0,0.5858837893590214,1.0,0.0,0.4251405857067784,0.5,0.5966285333073972,0.7871317548888508,0.06129223345026034,0.5422911721851519,0.45230696881048527,0.9527697585210969
xgboost,xgboost_tau_0_1,0.1,4932.4,6669.4,0.0,0.0,11601.8,4932.4,6669.4,0.4251405857067784,1.0,0.0,0.586095052524263,1.0,0.0,0.4251405857067784,0.5,0.5966285333073972,0.7871317548888508,0.06189419854626603,0.5425099648797418,0.4530098202269223,0.9532154189683351
