tp,fp,tn,fn,support,positive_support,negative_support,precision,recall,specificity,npv,fpr,fnr,accuracy,balanced_accuracy,f1,f2,mcc,roc_auc,pr_auc,family,strategy
0,0,3063,5,3068,5,3063,,0.0,1.0,0.9983702737940026,0.0,1.0,0.9983702737940026,0.5,,,,0.899347045380346,0.4003259452411995,CWE-190,exact_or_direct_child
0,0,3035,33,3068,33,3035,,0.0,1.0,0.9892438070404173,0.0,1.0,0.9892438070404173,0.5,,,,0.5627127951674904,0.012882114101819471,CWE-20,exact_or_direct_child
0,3,3040,25,3068,25,3043,0.0,0.0,0.9990141307919816,0.9918433931484503,0.000985869208018403,1.0,0.9908735332464146,0.4995070653959908,,,-0.0028357269855990783,0.4935918501478804,0.008148631029986962,CWE-285,exact_or_direct_child
1,0,2954,113,3068,114,2954,1.0,0.008771929824561403,1.0,0.9631561786762308,0.0,0.9912280701754386,0.9631681877444589,0.5043859649122807,0.017391304347826087,0.010940919037199123,0.0919170191501042,0.5334099466676169,0.07061257373478605,CWE-287,exact_or_direct_child
48,29,2944,47,3068,95,2973,0.6233766233766234,0.5052631578947369,0.9902455432223344,0.9842861919090605,0.009754456777665657,0.49473684210526314,0.9752281616688396,0.7477543505585356,0.558139534883721,0.525164113785558,0.5487278125986982,0.8254324003753076,0.4269032484019103,CWE-311,exact_or_direct_child
109,1,2780,178,3068,287,2781,0.990909090909091,0.3797909407665505,0.9996404171161453,0.9398242055442867,0.0003595828838547285,0.6202090592334495,0.9416558018252934,0.6897156789413479,0.5491183879093199,0.4332273449920509,0.5942637448977875,0.940732722167721,0.785782670742226,CWE-327,exact_or_direct_child
218,0,2842,8,3068,226,2842,1.0,0.9646017699115044,1.0,0.9971929824561403,0.0,0.035398230088495575,0.9973924380704041,0.9823008849557522,0.9819819819819819,0.9714795008912656,0.9807620077371089,0.9845070466392233,0.9712880527302306,CWE-330,exact_or_direct_child
0,0,2927,141,3068,141,2927,,0.0,1.0,0.9540417209908736,0.0,1.0,0.9540417209908736,0.5,,,,0.5062380817383761,0.04935907343047624,CWE-345,exact_or_direct_child
0,0,3064,4,3068,4,3064,,0.0,1.0,0.9986962190352021,0.0,1.0,0.9986962190352021,0.5,,,,0.6245104438642297,0.06347783572359844,CWE-400,exact_or_direct_child
5,0,3029,34,3068,39,3029,1.0,0.1282051282051282,1.0,0.9888997714658831,0.0,0.8717948717948718,0.9889178617992177,0.5641025641025641,0.22727272727272727,0.15527950310559008,0.35606463174935743,0.6656593104265603,0.27001303780964797,CWE-610,exact_or_direct_child
0,0,2909,159,3068,159,2909,,0.0,1.0,0.9481747066492829,0.0,1.0,0.9481747066492829,0.5,,,,0.47211646354514614,0.05068406468891454,CWE-668,exact_or_direct_child
16,6,2953,93,3068,109,2959,0.7272727272727273,0.14678899082568808,0.9979722879351132,0.9694681549573211,0.002027712064886786,0.8532110091743119,0.9677314211212517,0.5723806393804006,0.24427480916030536,0.17467248908296945,0.3175863679010021,0.9403762739085545,0.5110008326401991,CWE-706,exact_or_direct_child
533,321,1974,240,3068,773,2295,0.6241217798594848,0.6895213454075032,0.8601307189542484,0.8915989159891599,0.13986928104575164,0.31047865459249674,0.8171447196870926,0.7748260321808758,0.6551936078672403,0.6753674607197162,0.5324161390372071,0.8457744632997658,0.5595066682129474,CWE-74,exact_or_direct_child
0,0,3059,9,3068,9,3059,,0.0,1.0,0.9970664928292047,0.0,1.0,0.9970664928292047,0.5,,,,0.6658494061240057,0.12695567144719688,CWE-913,exact_or_direct_child
0,0,2998,70,3068,70,2998,,0.0,1.0,0.9771838331160365,0.0,1.0,0.9771838331160365,0.5,,,,0.4998332221480987,0.022816166883963495,CWE-923,exact_or_direct_child
