language,scheme,f1,pr_auc
c_cpp,exact,0.011844115250127902,0.12456127533799692
c_cpp,exact_or_direct_child,0.02045497863684551,0.1260170463148783
c_cpp,family,0.06192475521675399,0.1401475893200999
java,exact,0.4616382620762063,0.4767430579514963
java,exact_or_direct_child,0.46744136869841785,0.48492442180914863
java,family,0.4858324015470321,0.4887519436845692
python,exact,0.1413546674050418,0.1925475399639698
python,exact_or_direct_child,0.15448146213131078,0.20348413833150444
python,family,0.19116327874377884,0.18972521795613523
