scenario,strategy,n_families,precision_macro,precision_median,precision_weighted,recall_macro,recall_median,recall_weighted,specificity_macro,specificity_median,specificity_weighted,npv_macro,npv_median,npv_weighted,fpr_macro,fpr_median,fpr_weighted,fnr_macro,fnr_median,fnr_weighted,f1_macro,f1_median,f1_weighted,f2_macro,f2_median,f2_weighted,mcc_macro,mcc_median,mcc_weighted,accuracy_macro,accuracy_median,accuracy_weighted,balanced_accuracy_macro,balanced_accuracy_median,balanced_accuracy_weighted,roc_auc_macro,roc_auc_median,roc_auc_weighted,pr_auc_macro,pr_auc_median,pr_auc_weighted
baseline_downsampled,naive_bayes_tau_0_0,20,0.032959538474138704,0.025284645555079942,0.09981749734759468,0.23420049124647502,0.017017543859649122,0.6566295157071137,0.7835665902344024,0.9983635926355596,0.3592353727630978,0.9884760654875608,0.9924126800658177,0.9811750883296566,0.21643340976559755,0.0016364073644402947,0.6407646272369023,0.765799508753525,0.9829824561403508,0.34337048429288636,0.06832492963162418,0.04827638605825254,0.17754954197436326,0.1259519895331234,0.10623967586941212,0.3132424517241688,0.010436641366347274,0.0006684512251615721,0.010839035535550571,0.7896755149375935,0.991074648080442,0.4399301522753793,0.5088835407404386,0.5,0.5079324442351058,0.5149761983327077,0.5008723008464644,0.5361872899090054,0.027840181064871527,0.008767329569906017,0.1096728402531232
baseline_downsampled,naive_bayes_tau_0_1,20,0.10187541574366117,0.060983705629935124,0.15133684802481603,0.06881000258673436,0.0,0.4614809807759797,0.9476514159559303,1.0,0.5532295928729405,0.9882973478832703,0.9924149694505855,0.9808346412442657,0.05234858404406976,0.0,0.44677040712705957,0.9311899974132656,1.0,0.5385190192240202,0.1082647630500314,0.05267583951514687,0.20690980973135567,0.13262528619563027,0.03913313783805096,0.33116280633608414,0.05272115286986787,0.02030341690226038,0.05722474067827897,0.9457667367804407,0.9912254954815654,0.6237471229870118,0.5082307092713323,0.5,0.5073552868244601,0.5149761983327077,0.5008723008464644,0.5361872899090054,0.027840181064871527,0.008767329569906017,0.1096728402531232
baseline_downsampled,naive_bayes_tau_0_2,20,0.31189746355233533,0.3446824381926684,0.25737870020022485,0.03240169073524825,0.0,0.17850017854395223,0.9860519786691946,1.0,0.879522532807657,0.980795412068525,0.9912254954815654,0.918131465544938,0.013948021330805546,0.0,0.12047746719234298,0.9675983092647517,1.0,0.8214998214560478,0.2085558544365754,0.29117416198054374,0.26419558612958166,0.20976182004396215,0.26414663398146254,0.2982452679375298,0.15354999577982598,0.0905836919152004,0.10402205801103741,0.9716518061611026,0.9912254954815654,0.840202242372486,0.5092268347022214,0.5,0.5290113556758047,0.5149761983327077,0.5008723008464644,0.5361872899090054,0.027840181064871527,0.008767329569906017,0.1096728402531232
baseline_downsampled,naive_bayes_tau_0_3,20,0.3610784097639464,0.35720654058666,0.3585727474055352,0.014997185266050409,0.0,0.024169836493609306,0.9989752748876753,1.0,0.9942588340121017,0.9798085724069553,0.9912254954815654,0.909370494570641,0.0010247251123245032,0.0,0.005741165987898312,0.9850028147339496,1.0,0.9758301635063906,0.1292733232940898,0.054238156960727216,0.0701094559042247,0.10913439622223563,0.03605876256999069,0.05164069912028065,0.14249404739363072,0.08532518181400718,0.07518854788745913,0.9790480548776126,0.9912254954815654,0.9058497735711226,0.5069862300768629,0.5,0.5092143352528555,0.5149761983327077,0.5008723008464644,0.5361872899090054,0.027840181064871527,0.008767329569906017,0.1096728402531232
baseline_downsampled,naive_bayes_tau_0_4,20,0.7013348818496191,0.7013348818496191,0.4727094861776696,0.0015439072767614384,0.0,0.010700078908958115,0.9996141177405324,1.0,0.9965722023191801,0.9795832034832437,0.9912254954815654,0.9090596232691178,0.0003858822594676321,0.0,0.0034277976808198105,0.9984560927232385,1.0,0.9892999210910419,0.029536611912188822,0.029536611912188822,0.04027544352498894,0.01908045204787081,0.01908045204787081,0.02621484189229085,0.07154084366087034,0.07154084366087034,0.0613920881927911,0.9793626790919874,0.9912254954815654,0.9070989486910398,0.5005790125086469,0.5,0.5036361406140691,0.5149761983327077,0.5008723008464644,0.5361872899090054,0.027840181064871527,0.008767329569906017,0.1096728402531232
baseline_downsampled,naive_bayes_tau_0_5,20,0.704084819743718,0.704084819743718,0.4775644761883503,0.0009014887599924257,0.0,0.004993465951589871,0.9998302511681612,1.0,0.9984921186765569,0.9795186266492941,0.9912254954815654,0.9084859863210178,0.0001697488318388975,0.0,0.0015078813234430432,0.9990985112400075,1.0,0.9950065340484102,0.017699342024279037,0.017699342024279037,0.019376852621223607,0.01121608520224594,0.01121608520224594,0.012330374698405562,0.061953537202596755,0.061953537202596755,0.044465786990084744,0.9794221498941844,0.9912254954815654,0.9076272286853801,0.5003658699640768,0.5,0.5017427923140734,0.5149761983327077,0.5008723008464644,0.5361872899090054,0.027840181064871527,0.008767329569906017,0.1096728402531232
baseline_downsampled,naive_bayes_tau_0_6,20,0.7509013269339356,0.7509013269339356,0.5602185882071068,0.0004018309667376617,0.0,0.003021207766345438,0.9999019407645294,1.0,0.9991289383958915,0.9794948344068546,0.9912254954815654,0.908332962859794,9.805923547056177e-05,0.0,0.0008710616041086742,0.9995981690332624,1.0,0.9969787922336545,0.010051452926226253,0.010051452926226253,0.01231673485681494,0.006338350632579004,0.006338350632579004,0.00778811836678692,0.048115138989934615,0.048115138989934615,0.03983586270967156,0.9794402523782123,0.9912254954815654,0.9078477894968476,0.5001518858656335,0.5,0.5010750730811184,0.5149761983327077,0.5008723008464644,0.5361872899090054,0.027840181064871527,0.008767329569906017,0.1096728402531232
baseline_downsampled,naive_bayes_tau_0_7,20,0.5977596397410638,0.5977596397410638,0.5977596397410638,0.0002456306093528578,0.0,0.002181940248405505,0.9999620441078123,1.0,0.999662837261828,0.9794893837914905,0.9912254954815654,0.9082975017314461,3.7955892187590725e-05,0.0,0.0003371627381719099,0.9997543693906472,1.0,0.9978180597515945,0.00974328273035482,0.00974328273035482,0.00974328273035482,0.006127879326629717,0.006127879326629717,0.006127879326629718,0.041444388278665825,0.041444388278665825,0.041444388278665825,0.9794721474463912,0.9912254954815654,0.9081443910291339,0.5001038373585827,0.5,0.5009223887551167,0.5149761983327077,0.5008723008464644,0.5361872899090054,0.027840181064871527,0.008767329569906017,0.1096728402531232
baseline_downsampled,naive_bayes_tau_0_8,20,0.86,0.86,0.86,7.557864903164856e-05,0.0,0.000671366230278617,0.9999968372223236,1.0,0.9999719050002489,0.9794691626458347,0.9912254954815654,0.9081178770027056,3.1627776762710636e-06,0.0,2.809499975103156e-05,0.9999244213509684,1.0,0.9993286337697214,0.003017001573542021,0.003017001573542021,0.003017001573542021,0.0018885045250293948,0.0018885045250293948,0.0018885045250293948,0.030705553106648464,0.030705553106648464,0.030705553106648464,0.9794695613130362,0.9912254954815654,0.9081214183692109,0.5000362079356777,0.5,0.5003216356152638,0.5149761983327077,0.5008723008464644,0.5361872899090054,0.027840181064871527,0.008767329569906017,0.1096728402531232
baseline_downsampled,naive_bayes_tau_0_9,20,0.6666666666666666,0.6666666666666666,0.6666666666666666,1.4170996693434106e-05,0.0,0.0001258811681772407,0.999997891518581,1.0,0.9999812703291202,0.9794601556600222,0.9912254954815654,0.908037867817724,2.1084814190227766e-06,0.0,1.8729670879788598e-05,0.9999858290033066,1.0,0.9998741188318228,0.000943989977515065,0.000943989977515065,0.0009439899775150649,0.000590342006630288,0.000590342006630288,0.000590342006630288,0.013747219913528369,0.013747219913528369,0.013747219913528369,0.9794592181193835,0.9912254954815654,0.9080295396306973,0.5000060312576372,0.5,0.5000535757486487,0.5149761983327077,0.5008723008464644,0.5361872899090054,0.027840181064871527,0.008767329569906017,0.1096728402531232
original_ratio,naive_bayes_tau_0_0,20,0.08767284021385624,0.041666666666666664,0.14605221541316274,0.06032760127234419,0.0,0.39135448682360535,0.9571043862445217,0.9999327681871703,0.634635104776495,0.9808658714216534,0.9912254954815654,0.9182248896661871,0.04289561375547843,6.723181282973796e-05,0.36536489522350507,0.9396723987276558,1.0,0.6086455131763947,0.09530703685211303,0.0409696499984661,0.2014868973233602,0.11164322352697367,0.029707628955144928,0.30621907437138424,0.04132223980752528,0.013294913259843737,0.03779302885482963,0.9521069923163343,0.9912254954815654,0.677721661438923,0.508715993758433,0.5,0.5129947958000503,0.5149761983327077,0.5008723008464644,0.5361872899090054,0.027840181064871527,0.008767329569906017,0.1096728402531232
original_ratio,naive_bayes_tau_0_1,20,0.28199301099538754,0.30820775774360026,0.2649591811420122,0.018000450007671188,0.0,0.050395118266795116,0.9968002846897306,1.0,0.9750309487907621,0.9799403259323223,0.9912254954815654,0.910530739871562,0.0031997153102693216,0.0,0.024969051209237803,0.9819995499923287,1.0,0.9496048817332049,0.11733425643499949,0.08691059062135438,0.11890201679731438,0.09888469665685795,0.06455393666720394,0.09361707761492796,0.10937218367801815,0.06843452396529634,0.06644091296919824,0.9778067365074825,0.9912254954815654,0.894900276768451,0.507400367348701,0.5,0.5127130335287786,0.5149761983327077,0.5008723008464644,0.5361872899090054,0.027840181064871527,0.008767329569906017,0.1096728402531232
original_ratio,naive_bayes_tau_0_2,20,0.716289094898159,0.716289094898159,0.49911101150813314,0.0008070154487028649,0.0,0.004154258163741599,0.9998724216898534,1.0,0.9988667200294555,0.9795107405178298,0.9912254954815654,0.908415933701388,0.000127578310146504,0.0,0.0011332799705444318,0.999192984551297,1.0,0.9958457418362584,0.015906141726267357,0.015906141726267357,0.01621097401986365,0.010050634657137063,0.010050634657137063,0.01027278250092788,0.0613300527098675,0.0613300527098675,0.04336503086373346,0.9794393894920687,0.9912254954815654,0.9077803682822287,0.5003397185692782,0.5,0.5015104890965986,0.5149761983327077,0.5008723008464644,0.5361872899090054,0.027840181064871527,0.008767329569906017,0.1096728402531232
original_ratio,naive_bayes_tau_0_3,20,0.8009631532038652,0.8009631532038652,0.648602281154685,0.0002859414635294355,0.0,0.0022658908922361634,0.9999620441078123,1.0,0.999662837261828,0.9794909311879119,0.9912254954815654,0.9083047675316273,3.7955892187590725e-05,0.0,0.0003371627381719099,0.9997140585364706,1.0,0.997734109107764,0.008511065510011026,0.008511065510011026,0.009597195068534032,0.005345026876800357,0.005345026876800357,0.006034414429681262,0.05053608547420482,0.05053608547420482,0.04411014160471699,0.9794738714357025,0.9912254954815654,0.9081530652301372,0.5001239927856709,0.5,0.500964364077032,0.5149761983327077,0.5008723008464644,0.5361872899090054,0.027840181064871527,0.008767329569906017,0.1096728402531232
original_ratio,naive_bayes_tau_0_4,20,0.7366666666666667,0.7366666666666667,0.7366666666666667,9.447331128956071e-05,0.0,0.0008392077878482713,0.9999915655181197,1.0,0.9999250763757118,0.9794711971269547,0.9912254954815654,0.908135949327863,8.434481880204516e-06,0.0,7.492362428832225e-05,0.9999055266887105,1.0,0.9991607922121517,0.003768786467584901,0.003768786467584901,0.0037687864675849006,0.002360244105437748,0.002360244105437748,0.002360244105437748,0.0307228310032455,0.0307228310032455,0.030722831003245497,0.9794686993926776,0.9912254954815654,0.9081137619182246,0.5000430194147046,0.5,0.5003821420817799,0.5149761983327077,0.5008723008464644,0.5361872899090054,0.027840181064871527,0.008767329569906017,0.1096728402531232
original_ratio,naive_bayes_tau_0_5,20,0.7833333333333333,0.7833333333333333,0.7833333333333334,4.7236655644780356e-05,0.0,0.00041960389392413567,0.9999968372223236,1.0,0.9999719050002489,0.9794649326032232,0.9912254954815654,0.9080803014731306,3.1627776762710636e-06,0.0,2.809499975103156e-05,0.9999527633443552,1.0,0.9995803961060759,0.0018867927887969032,0.0018867927887969032,0.0018867927887969032,0.0011804981833899125,0.0011804981833899125,0.0011804981833899125,0.02238768738055607,0.02238768738055607,0.02238768738055607,0.9794643900136096,0.9912254954815654,0.9080754816417601,0.5000220369389843,0.5,0.5001957544470865,0.5149761983327077,0.5008723008464644,0.5361872899090054,0.027840181064871527,0.008767329569906017,0.1096728402531232
original_ratio,naive_bayes_tau_0_6,20,0.6666666666666666,0.6666666666666666,0.6666666666666666,1.4170996693434106e-05,0.0,0.0001258811681772407,0.999997891518581,1.0,0.9999812703291202,0.9794601556600222,0.9912254954815654,0.908037867817724,2.1084814190227766e-06,0.0,1.8729670879788598e-05,0.9999858290033066,1.0,0.9998741188318228,0.000943989977515065,0.000943989977515065,0.0009439899775150649,0.000590342006630288,0.000590342006630288,0.000590342006630288,0.013747219913528369,0.013747219913528369,0.013747219913528369,0.9794592181193835,0.9912254954815654,0.9080295396306973,0.5000060312576372,0.5,0.5000535757486487,0.5149761983327077,0.5008723008464644,0.5361872899090054,0.027840181064871527,0.008767329569906017,0.1096728402531232
original_ratio,naive_bayes_tau_0_7,20,0.6666666666666666,0.6666666666666666,0.6666666666666666,1.4170996693434106e-05,0.0,0.0001258811681772407,0.999997891518581,1.0,0.9999812703291202,0.9794601556600222,0.9912254954815654,0.908037867817724,2.1084814190227766e-06,0.0,1.8729670879788598e-05,0.9999858290033066,1.0,0.9998741188318228,0.000943989977515065,0.000943989977515065,0.0009439899775150649,0.000590342006630288,0.000590342006630288,0.000590342006630288,0.013747219913528369,0.013747219913528369,0.013747219913528369,0.9794592181193835,0.9912254954815654,0.9080295396306973,0.5000060312576372,0.5,0.5000535757486487,0.5149761983327077,0.5008723008464644,0.5361872899090054,0.027840181064871527,0.008767329569906017,0.1096728402531232
original_ratio,naive_bayes_tau_0_8,20,1.0,1.0,1.0,9.44733112895607e-06,0.0,8.392077878482712e-05,1.0,1.0,1.0,0.9794597653574193,0.9912254954815654,0.9080344007540686,0.0,0.0,0.0,0.999990552668871,1.0,0.9999160792212152,0.0009442870632672332,0.0009442870632672332,0.0009442870632672331,0.000590388475616956,0.000590388475616956,0.000590388475616956,0.019651792324669768,0.019651792324669768,0.019651792324669768,0.9794600798911863,0.9912254954815654,0.908037194762061,0.5000047236655645,0.5,0.5000419603893924,0.5149761983327077,0.5008723008464644,0.5361872899090054,0.027840181064871527,0.008767329569906017,0.1096728402531232
original_ratio,naive_bayes_tau_0_9,20,,,,0.0,0.0,0.0,1.0,1.0,1.0,0.9794583557530503,0.9912254954815654,0.9080218792181117,0.0,0.0,0.0,1.0,1.0,1.0,,,,,,,,,,0.9794583557530503,0.9912254954815654,0.9080218792181117,0.5,0.5,0.5,0.5149761983327077,0.5008723008464644,0.5361872899090054,0.027840181064871527,0.008767329569906017,0.1096728402531232
industry_0_1pct,naive_bayes_tau_0_0,20,0.20919092049549864,0.02170868347338935,0.5543025608222109,0.010128476173310542,0.0,0.008854497232412216,0.9996449869091608,1.0,0.9996485310255006,0.9796291068486868,0.9912254954815654,0.9082495491300789,0.00035501309083913883,0.0,0.0003514689744994398,0.9898715238266895,1.0,0.9911455027675877,0.07009798996445896,0.016336101558556963,0.022844545829445718,0.05730373160017689,0.010619315117470267,0.018100568645935778,0.05005468510057902,0.006197049334970758,0.04372537249309283,0.9792924303104982,0.9912254954815654,0.9079657979063357,0.5048867315412358,0.5,0.5042515141289563,0.5149761983327077,0.5008723008464644,0.5361872899090054,0.027840181064871527,0.008767329569906017,0.1096728402531232
industry_0_1pct,naive_bayes_tau_0_1,20,0.9345238095238095,0.9345238095238095,0.8844023890934074,7.624403282191506e-05,0.0,0.00017486489145049933,0.9999996485864301,1.0,0.9999968783881867,0.9794614897499943,0.9912254954815654,0.9080378408110613,3.5141356983712946e-07,0.0,3.1216118132980996e-06,0.999923755967178,1.0,0.9998251351085495,0.0019943657683272344,0.0019943657683272344,0.0010299242145194749,0.0012481576646151714,0.0012481576646151714,0.0006442134521472521,0.026953633834327806,0.026953633834327806,0.018210386936941065,0.9794616600166517,0.9912254954815654,0.9080390590023488,0.5000379463096261,0.5,0.5000858716398187,0.5149761983327077,0.5008723008464644,0.5361872899090054,0.027840181064871527,0.008767329569906017,0.1096728402531232
industry_0_1pct,naive_bayes_tau_0_2,20,,,,0.0,0.0,0.0,1.0,1.0,1.0,0.9794583557530503,0.9912254954815654,0.9080218792181117,0.0,0.0,0.0,1.0,1.0,1.0,,,,,,,,,,0.9794583557530503,0.9912254954815654,0.9080218792181117,0.5,0.5,0.5,0.5149761983327077,0.5008723008464644,0.5361872899090054,0.027840181064871527,0.008767329569906017,0.1096728402531232
industry_0_1pct,naive_bayes_tau_0_3,20,,,,0.0,0.0,0.0,1.0,1.0,1.0,0.9794583557530503,0.9912254954815654,0.9080218792181117,0.0,0.0,0.0,1.0,1.0,1.0,,,,,,,,,,0.9794583557530503,0.9912254954815654,0.9080218792181117,0.5,0.5,0.5,0.5149761983327077,0.5008723008464644,0.5361872899090054,0.027840181064871527,0.008767329569906017,0.1096728402531232
industry_0_1pct,naive_bayes_tau_0_4,20,,,,0.0,0.0,0.0,1.0,1.0,1.0,0.9794583557530503,0.9912254954815654,0.9080218792181117,0.0,0.0,0.0,1.0,1.0,1.0,,,,,,,,,,0.9794583557530503,0.9912254954815654,0.9080218792181117,0.5,0.5,0.5,0.5149761983327077,0.5008723008464644,0.5361872899090054,0.027840181064871527,0.008767329569906017,0.1096728402531232
industry_0_1pct,naive_bayes_tau_0_5,20,,,,0.0,0.0,0.0,1.0,1.0,1.0,0.9794583557530503,0.9912254954815654,0.9080218792181117,0.0,0.0,0.0,1.0,1.0,1.0,,,,,,,,,,0.9794583557530503,0.9912254954815654,0.9080218792181117,0.5,0.5,0.5,0.5149761983327077,0.5008723008464644,0.5361872899090054,0.027840181064871527,0.008767329569906017,0.1096728402531232
industry_0_1pct,naive_bayes_tau_0_6,20,,,,0.0,0.0,0.0,1.0,1.0,1.0,0.9794583557530503,0.9912254954815654,0.9080218792181117,0.0,0.0,0.0,1.0,1.0,1.0,,,,,,,,,,0.9794583557530503,0.9912254954815654,0.9080218792181117,0.5,0.5,0.5,0.5149761983327077,0.5008723008464644,0.5361872899090054,0.027840181064871527,0.008767329569906017,0.1096728402531232
industry_0_1pct,naive_bayes_tau_0_7,20,,,,0.0,0.0,0.0,1.0,1.0,1.0,0.9794583557530503,0.9912254954815654,0.9080218792181117,0.0,0.0,0.0,1.0,1.0,1.0,,,,,,,,,,0.9794583557530503,0.9912254954815654,0.9080218792181117,0.5,0.5,0.5,0.5149761983327077,0.5008723008464644,0.5361872899090054,0.027840181064871527,0.008767329569906017,0.1096728402531232
industry_0_1pct,naive_bayes_tau_0_8,20,,,,0.0,0.0,0.0,1.0,1.0,1.0,0.9794583557530503,0.9912254954815654,0.9080218792181117,0.0,0.0,0.0,1.0,1.0,1.0,,,,,,,,,,0.9794583557530503,0.9912254954815654,0.9080218792181117,0.5,0.5,0.5,0.5149761983327077,0.5008723008464644,0.5361872899090054,0.027840181064871527,0.008767329569906017,0.1096728402531232
industry_0_1pct,naive_bayes_tau_0_9,20,,,,0.0,0.0,0.0,1.0,1.0,1.0,0.9794583557530503,0.9912254954815654,0.9080218792181117,0.0,0.0,0.0,1.0,1.0,1.0,,,,,,,,,,0.9794583557530503,0.9912254954815654,0.9080218792181117,0.5,0.5,0.5,0.5149761983327077,0.5008723008464644,0.5361872899090054,0.027840181064871527,0.008767329569906017,0.1096728402531232
