scenario,family,positive_support,f1_exhaustive,f1_tau_0.1,f1_tau_0.2,f1_tau_0.3,f1_tau_0.4,f1_tau_0.5,f1_tau_0.6,f1_tau_0.7,f1_tau_0.8,f1_tau_0.9
baseline,CWE-118,10585,0.30862759538726325,0.30862759538726325,0.29117416198054374,0.054238156960727216,0.04356530020819996,0.01989076043238039,0.013010707270892222,0.00974328273035482,0.003017001573542021,0.000943989977515065
baseline,CWE-190,1406,0.070622700741225,0.04313418074173537,0.04263123516780405,0.041526759478668955,0.015507923616177682,0.015507923616177682,0.007092198581560283,,,
baseline,CWE-191,167,0.0057442484116955305,,,,,,,,,
baseline,CWE-20,1926,0.06426963043561743,,,,,,,,,
baseline,CWE-269,117,0.004025715119810396,,,,,,,,,
baseline,CWE-285,283,0.04193115705406901,,,,,,,,,
baseline,CWE-287,319,0.010938153700230322,,,,,,,,,
baseline,CWE-369,274,0.009402409330838453,,,,,,,,,
baseline,CWE-400,578,0.019731350455816983,,,,,,,,,
baseline,CWE-404,1227,0.04157009349546096,,,,,,,,,
baseline,CWE-476,1683,0.05851589001720396,0.02441222725332306,,,,,,,,
baseline,CWE-662,795,0.02741659531024973,,,,,,,,,
baseline,CWE-665,141,0.007287214505662573,,,,,,,,,
baseline,CWE-668,1364,0.09641767254483694,,,,,,,,,
baseline,CWE-704,440,0.015055861916674476,,,,,,,,,
baseline,CWE-705,264,0.009060799026555655,,,,,,,,,
baseline,CWE-706,807,0.027441521470066323,,,,,,,,,
baseline,CWE-74,938,0.2931821334640513,0.2918621661613784,0.2918621661613784,0.29205505344287325,,,,,,
baseline,CWE-754,167,0.005748603493896257,,,,,,,,,
baseline,CWE-834,351,0.022132913170093617,,,,,,,,,
original_ratio,CWE-118,10585,0.17453630913555324,0.04997028182315229,0.016223731570746497,0.009880638932217668,0.003755907498348101,0.0018867927887969032,0.000943989977515065,0.000943989977515065,0.0009442870632672332,
original_ratio,CWE-190,1406,0.05769014133427371,0.041526759478668955,0.015507923616177682,0.007092198581560283,,,,,,
original_ratio,CWE-191,167,0.0013849685845034449,,,,,,,,,
original_ratio,CWE-20,1926,0.03303907450434217,,,,,,,,,
original_ratio,CWE-269,117,0.0009702675140465862,,,,,,,,,
original_ratio,CWE-285,283,0.040446082502897496,,,,,,,,,
original_ratio,CWE-287,319,0.0026437390029332244,,,,,,,,,
original_ratio,CWE-369,274,0.0022712429267002184,,,,,,,,,
original_ratio,CWE-400,578,0.004785007431021298,,,,,,,,,
original_ratio,CWE-404,1227,0.010140382984909742,,,,,,,,,
original_ratio,CWE-476,1683,0.03575139631948014,,,,,,,,,
original_ratio,CWE-662,795,0.006586213060808421,,,,,,,,,
original_ratio,CWE-665,141,0.0025609703653491417,,,,,,,,,
original_ratio,CWE-668,1364,0.05102622713515176,,,,,,,,,
original_ratio,CWE-704,440,0.0036444986381854506,,,,,,,,,
original_ratio,CWE-705,264,0.002188339283851222,,,,,,,,,
original_ratio,CWE-706,807,0.0066742345192285805,,,,,,,,,
original_ratio,CWE-74,938,0.26050683369631505,0.25966104067097506,,,,,,,,
original_ratio,CWE-754,167,0.0013852234620699826,,,,,,,,,
original_ratio,CWE-834,351,0.016637738542293824,,,,,,,,,
industry_0_1pct,CWE-118,10585,0.030279892227592843,0.0009442870632672332,,,,,,,,
industry_0_1pct,CWE-190,1406,0.04381071322265677,,,,,,,,,
industry_0_1pct,CWE-191,167,0.0019983728274936318,,,,,,,,,
industry_0_1pct,CWE-20,1926,0.008793211830063933,,,,,,,,,
industry_0_1pct,CWE-269,117,0.001998001998002079,,,,,,,,,
industry_0_1pct,CWE-285,283,0.040371921228459805,,,,,,,,,
industry_0_1pct,CWE-287,319,0.001998001998002051,,,,,,,,,
industry_0_1pct,CWE-369,274,0.00199800199800195,,,,,,,,,
industry_0_1pct,CWE-400,578,0.0019980019980020427,,,,,,,,,
industry_0_1pct,CWE-404,1227,0.001998712051559875,,,,,,,,,
industry_0_1pct,CWE-476,1683,0.02441222725332306,,,,,,,,,
industry_0_1pct,CWE-662,795,0.0019996049245876273,,,,,,,,,
industry_0_1pct,CWE-665,141,0.0038468497025151197,,,,,,,,,
industry_0_1pct,CWE-668,1364,0.013167492023483033,,,,,,,,,
industry_0_1pct,CWE-704,440,0.001998001998001995,,,,,,,,,
industry_0_1pct,CWE-705,264,0.0019980019980019538,,,,,,,,,
industry_0_1pct,CWE-706,807,0.0019980019980019906,,,,,,,,,
industry_0_1pct,CWE-74,938,0.19028477217686807,,,,,,,,,
industry_0_1pct,CWE-754,167,0.0019988986567024878,,,,,,,,,
industry_0_1pct,CWE-834,351,0.01610051331040549,,,,,,,,,
