language,classifier,family,tool,mean_abs_shap,mean_shap_on_safe,mean_shap_on_vuln,n_val_rows
c_cpp,decision_tree,CWE-20,codeql,0.0015550128436776342,-0.0003952911203369344,-0.0013341186050383686,58009
c_cpp,decision_tree,CWE-20,cppcheck,0.0,0.0,0.0,58009
c_cpp,decision_tree,CWE-20,flawfinder,0.003833984251892792,7.052353312859759e-05,0.000949363250138553,58009
c_cpp,decision_tree,CWE-20,ikos,0.0,0.0,0.0,58009
c_cpp,decision_tree,CWE-20,joern,0.0,0.0,0.0,58009
c_cpp,decision_tree,CWE-20,semgrep,0.0,0.0,0.0,58009
c_cpp,decision_tree,CWE-74,codeql,0.0,0.0,0.0,58009
c_cpp,decision_tree,CWE-74,cppcheck,0.0,0.0,0.0,58009
c_cpp,decision_tree,CWE-74,flawfinder,0.07359218246890274,-0.06508331716593108,0.0650411757496749,58009
c_cpp,decision_tree,CWE-74,ikos,0.0,0.0,0.0,58009
c_cpp,decision_tree,CWE-74,joern,0.0008650873635526982,-0.00032309303872873137,0.0003342440885706812,58009
c_cpp,decision_tree,CWE-74,semgrep,0.0,0.0,0.0,58009
c_cpp,decision_tree,CWE-118,codeql,0.0009195621624468402,-0.0003539341643608753,-0.00010524408593456011,58009
c_cpp,decision_tree,CWE-118,cppcheck,0.0001710689505295109,-5.254032108556697e-05,4.711600507776046e-06,58009
c_cpp,decision_tree,CWE-118,flawfinder,0.04812378461964821,-0.005652838293137459,0.005827404614623603,58009
c_cpp,decision_tree,CWE-118,ikos,0.0031034825834821054,-0.001504486433092726,0.0018260149225883553,58009
c_cpp,decision_tree,CWE-118,joern,0.0,0.0,0.0,58009
c_cpp,decision_tree,CWE-118,semgrep,0.0,0.0,0.0,58009
c_cpp,decision_tree,CWE-190,codeql,0.0,0.0,0.0,58009
c_cpp,decision_tree,CWE-190,cppcheck,0.0,0.0,0.0,58009
c_cpp,decision_tree,CWE-190,flawfinder,0.009264737946019787,-0.002236926200767214,0.002464145111354773,58009
c_cpp,decision_tree,CWE-190,ikos,0.005887944989656179,-0.004823289531998817,0.004382561145924842,58009
c_cpp,decision_tree,CWE-190,joern,0.0,0.0,0.0,58009
c_cpp,decision_tree,CWE-190,semgrep,0.0,0.0,0.0,58009
c_cpp,decision_tree,CWE-191,codeql,0.0006859232138280866,-0.000229275622765624,0.00022940706770931704,58009
c_cpp,decision_tree,CWE-191,cppcheck,0.0,0.0,0.0,58009
c_cpp,decision_tree,CWE-191,flawfinder,0.0,0.0,0.0,58009
c_cpp,decision_tree,CWE-191,ikos,0.0007376547648542041,-0.0002465983844480554,0.00024664227844382446,58009
c_cpp,decision_tree,CWE-191,joern,0.0,0.0,0.0,58009
c_cpp,decision_tree,CWE-191,semgrep,0.0,0.0,0.0,58009
c_cpp,decision_tree,CWE-269,codeql,0.0,0.0,0.0,58009
c_cpp,decision_tree,CWE-269,cppcheck,0.0,0.0,0.0,58009
c_cpp,decision_tree,CWE-269,flawfinder,0.0005433181851710924,-0.00018143880876668255,0.00018119761291459993,58009
c_cpp,decision_tree,CWE-269,ikos,0.0,0.0,0.0,58009
c_cpp,decision_tree,CWE-269,joern,0.0,0.0,0.0,58009
c_cpp,decision_tree,CWE-269,semgrep,0.0,0.0,0.0,58009
c_cpp,decision_tree,CWE-285,codeql,0.00859795892498139,-0.006224087398858223,0.00556990442181843,58009
c_cpp,decision_tree,CWE-285,cppcheck,0.0,0.0,0.0,58009
c_cpp,decision_tree,CWE-285,flawfinder,0.001810550981423527,-0.0006383645183290092,0.0007041710126355158,58009
c_cpp,decision_tree,CWE-285,ikos,0.0,0.0,0.0,58009
c_cpp,decision_tree,CWE-285,joern,0.0,0.0,0.0,58009
c_cpp,decision_tree,CWE-285,semgrep,0.0,0.0,0.0,58009
c_cpp,decision_tree,CWE-287,codeql,0.0,0.0,0.0,58009
c_cpp,decision_tree,CWE-287,cppcheck,0.0,0.0,0.0,58009
c_cpp,decision_tree,CWE-287,flawfinder,0.0,0.0,0.0,58009
c_cpp,decision_tree,CWE-287,ikos,0.0,0.0,0.0,58009
c_cpp,decision_tree,CWE-287,joern,0.0,0.0,0.0,58009
c_cpp,decision_tree,CWE-287,semgrep,0.0,0.0,0.0,58009
c_cpp,decision_tree,CWE-369,codeql,0.0,0.0,0.0,58009
c_cpp,decision_tree,CWE-369,cppcheck,0.0009785695149948951,-0.0008622881018609948,-0.0026907930893498356,58009
c_cpp,decision_tree,CWE-369,flawfinder,0.0,0.0,0.0,58009
c_cpp,decision_tree,CWE-369,ikos,0.0,0.0,0.0,58009
c_cpp,decision_tree,CWE-369,joern,0.0,0.0,0.0,58009
c_cpp,decision_tree,CWE-369,semgrep,0.0,0.0,0.0,58009
c_cpp,decision_tree,CWE-400,codeql,0.00024646697149132254,-8.273948456840898e-05,8.274029784147252e-05,58009
c_cpp,decision_tree,CWE-400,cppcheck,0.0,0.0,0.0,58009
c_cpp,decision_tree,CWE-400,flawfinder,0.00020756710924520902,-6.966329032984041e-05,6.972843501091742e-05,58009
c_cpp,decision_tree,CWE-400,ikos,0.0,0.0,0.0,58009
c_cpp,decision_tree,CWE-400,joern,0.0,0.0,0.0,58009
c_cpp,decision_tree,CWE-400,semgrep,0.0,0.0,0.0,58009
c_cpp,decision_tree,CWE-404,codeql,0.0003446826831957609,-8.80636573805124e-05,-0.0003312071444707365,58009
c_cpp,decision_tree,CWE-404,cppcheck,0.0019258795480117117,-0.0005246194030175755,0.000303541085016286,58009
c_cpp,decision_tree,CWE-404,flawfinder,0.0,0.0,0.0,58009
c_cpp,decision_tree,CWE-404,ikos,0.0002094577082255143,-7.812997787179983e-05,6.725582821114473e-05,58009
c_cpp,decision_tree,CWE-404,joern,0.0,0.0,0.0,58009
c_cpp,decision_tree,CWE-404,semgrep,0.0,0.0,0.0,58009
c_cpp,decision_tree,CWE-476,codeql,0.0,0.0,0.0,58009
c_cpp,decision_tree,CWE-476,cppcheck,0.0029489385667519435,-0.0006292097076270872,0.00034217497783068415,58009
c_cpp,decision_tree,CWE-476,flawfinder,0.0,0.0,0.0,58009
c_cpp,decision_tree,CWE-476,ikos,0.003642787956779026,-0.0022131645719732605,0.0021954342410994403,58009
c_cpp,decision_tree,CWE-476,joern,0.0,0.0,0.0,58009
c_cpp,decision_tree,CWE-476,semgrep,0.0,0.0,0.0,58009
c_cpp,decision_tree,CWE-662,codeql,0.0009738468866813351,-0.0008980062120516778,-0.0015820848986894949,58009
c_cpp,decision_tree,CWE-662,cppcheck,0.0,0.0,0.0,58009
c_cpp,decision_tree,CWE-662,flawfinder,0.009181913277015822,-0.0008222619101397766,0.001074187277666034,58009
c_cpp,decision_tree,CWE-662,ikos,0.0,0.0,0.0,58009
c_cpp,decision_tree,CWE-662,joern,0.0,0.0,0.0,58009
c_cpp,decision_tree,CWE-662,semgrep,0.0,0.0,0.0,58009
c_cpp,decision_tree,CWE-665,codeql,0.0006844204673333369,0.00022429751365125994,-0.0068035050163985,58009
c_cpp,decision_tree,CWE-665,cppcheck,0.0043810706119523715,-0.004369160024002049,-0.006644149266824367,58009
c_cpp,decision_tree,CWE-665,flawfinder,0.0,0.0,0.0,58009
c_cpp,decision_tree,CWE-665,ikos,0.002471384802541539,-0.0008701330622381439,0.0007929528592713652,58009
c_cpp,decision_tree,CWE-665,joern,0.0,0.0,0.0,58009
c_cpp,decision_tree,CWE-665,semgrep,0.0,0.0,0.0,58009
c_cpp,decision_tree,CWE-668,codeql,5.789399857882428e-05,-2.3863228631731208e-05,-0.00029151318493278824,58009
c_cpp,decision_tree,CWE-668,cppcheck,0.0,0.0,0.0,58009
c_cpp,decision_tree,CWE-668,flawfinder,0.05958026148302057,-0.019845925686587357,0.01925247184516845,58009
c_cpp,decision_tree,CWE-668,ikos,0.0,0.0,0.0,58009
c_cpp,decision_tree,CWE-668,joern,0.0,0.0,0.0,58009
c_cpp,decision_tree,CWE-668,semgrep,0.0001235447844493894,-8.981332996487104e-07,-0.00021442826281510942,58009
c_cpp,decision_tree,CWE-704,codeql,0.0006856595035856599,-0.00017486387312291897,-0.001315091448114075,58009
c_cpp,decision_tree,CWE-704,cppcheck,0.00020718867831320554,-6.931509994153546e-05,6.945369858685961e-05,58009
c_cpp,decision_tree,CWE-704,flawfinder,0.0,0.0,0.0,58009
c_cpp,decision_tree,CWE-704,ikos,0.0,0.0,0.0,58009
c_cpp,decision_tree,CWE-704,joern,0.0,0.0,0.0,58009
c_cpp,decision_tree,CWE-704,semgrep,0.0,0.0,0.0,58009
c_cpp,decision_tree,CWE-705,codeql,0.0,0.0,0.0,58009
c_cpp,decision_tree,CWE-705,cppcheck,0.0,0.0,0.0,58009
c_cpp,decision_tree,CWE-705,flawfinder,0.00020717105007968275,-6.927906326268334e-05,6.93369400656329e-05,58009
c_cpp,decision_tree,CWE-705,ikos,0.0,0.0,0.0,58009
c_cpp,decision_tree,CWE-705,joern,0.0,0.0,0.0,58009
c_cpp,decision_tree,CWE-705,semgrep,0.0,0.0,0.0,58009
c_cpp,decision_tree,CWE-706,codeql,0.0,0.0,0.0,58009
c_cpp,decision_tree,CWE-706,cppcheck,0.0,0.0,0.0,58009
c_cpp,decision_tree,CWE-706,flawfinder,0.0003961244105349082,-0.0001516311816398477,-0.0008163309499094396,58009
c_cpp,decision_tree,CWE-706,ikos,0.0,0.0,0.0,58009
c_cpp,decision_tree,CWE-706,joern,0.0,0.0,0.0,58009
c_cpp,decision_tree,CWE-706,semgrep,0.0,0.0,0.0,58009
c_cpp,decision_tree,CWE-754,codeql,0.003362519617515407,-0.0024827227123316886,-0.008702343249934909,58009
c_cpp,decision_tree,CWE-754,cppcheck,0.0009640381651757339,-0.00031984543769557886,0.00032171947828617763,58009
c_cpp,decision_tree,CWE-754,flawfinder,0.0,0.0,0.0,58009
c_cpp,decision_tree,CWE-754,ikos,0.0,0.0,0.0,58009
c_cpp,decision_tree,CWE-754,joern,0.0,0.0,0.0,58009
c_cpp,decision_tree,CWE-754,semgrep,0.0,0.0,0.0,58009
c_cpp,decision_tree,CWE-834,codeql,0.0022759525509997115,-0.0016862193608760765,0.0011769116083731204,58009
c_cpp,decision_tree,CWE-834,cppcheck,0.0,0.0,0.0,58009
c_cpp,decision_tree,CWE-834,flawfinder,0.0,0.0,0.0,58009
c_cpp,decision_tree,CWE-834,ikos,0.0,0.0,0.0,58009
c_cpp,decision_tree,CWE-834,joern,0.0,0.0,0.0,58009
c_cpp,decision_tree,CWE-834,semgrep,0.0,0.0,0.0,58009
c_cpp,random_forest,CWE-20,codeql,0.0014692518992102423,-0.00013540663008327597,-0.0007062336484809407,58009
c_cpp,random_forest,CWE-20,cppcheck,0.0,0.0,0.0,58009
c_cpp,random_forest,CWE-20,flawfinder,0.004044686271342332,-0.00018238850459023745,0.0003376893364712922,58009
c_cpp,random_forest,CWE-20,ikos,0.0,0.0,0.0,58009
c_cpp,random_forest,CWE-20,joern,0.0,0.0,0.0,58009
c_cpp,random_forest,CWE-20,semgrep,0.0,0.0,0.0,58009
c_cpp,random_forest,CWE-74,codeql,0.0,0.0,0.0,58009
c_cpp,random_forest,CWE-74,cppcheck,0.0,0.0,0.0,58009
c_cpp,random_forest,CWE-74,flawfinder,0.07355503698091606,-0.06502283172625384,0.0649994366956221,58009
c_cpp,random_forest,CWE-74,ikos,0.0,0.0,0.0,58009
c_cpp,random_forest,CWE-74,joern,0.000834482983330018,-0.00029763354945615804,0.0003161099360954758,58009
c_cpp,random_forest,CWE-74,semgrep,0.0,0.0,0.0,58009
c_cpp,random_forest,CWE-118,codeql,0.0011522435398094184,-0.0003433224801860724,0.0002395638255532891,58009
c_cpp,random_forest,CWE-118,cppcheck,0.00068241713490492,-0.00018408223744294252,0.00024473258735161873,58009
c_cpp,random_forest,CWE-118,flawfinder,0.02824347839198944,-0.003340267288006777,0.00324139734499254,58009
c_cpp,random_forest,CWE-118,ikos,0.002634615469045748,-0.001200205294025527,0.0012071770439966946,58009
c_cpp,random_forest,CWE-118,joern,0.00018165250563356662,-3.067492100331309e-06,3.0633322371724926e-05,58009
c_cpp,random_forest,CWE-118,semgrep,0.0006305120073183597,-0.00011503376695579031,0.00010531665969591199,58009
c_cpp,random_forest,CWE-190,codeql,0.00032283383005495214,-0.00011189881102580317,4.336722872095965e-06,58009
c_cpp,random_forest,CWE-190,cppcheck,0.000949394588254493,-0.0004323235564746547,0.00017532793040832758,58009
c_cpp,random_forest,CWE-190,flawfinder,0.007138629425281369,-0.0020027435203797813,0.0017677583011531449,58009
c_cpp,random_forest,CWE-190,ikos,0.004781545196613981,-0.0038868159606086027,0.003797657675138484,58009
c_cpp,random_forest,CWE-190,joern,0.0,0.0,0.0,58009
c_cpp,random_forest,CWE-190,semgrep,0.0,0.0,0.0,58009
c_cpp,random_forest,CWE-191,codeql,0.0006871266585585107,-0.0002288346328056007,0.00023022122246014621,58009
c_cpp,random_forest,CWE-191,cppcheck,0.0,0.0,0.0,58009
c_cpp,random_forest,CWE-191,flawfinder,0.0,0.0,0.0,58009
c_cpp,random_forest,CWE-191,ikos,0.0007397479356010465,-0.00024542992902774495,0.00024830414642961775,58009
c_cpp,random_forest,CWE-191,joern,0.0,0.0,0.0,58009
c_cpp,random_forest,CWE-191,semgrep,0.0,0.0,0.0,58009
c_cpp,random_forest,CWE-269,codeql,0.0,0.0,0.0,58009
c_cpp,random_forest,CWE-269,cppcheck,0.0,0.0,0.0,58009
c_cpp,random_forest,CWE-269,flawfinder,0.000544630508551967,-0.00018000131080577242,0.00018265592754079533,58009
c_cpp,random_forest,CWE-269,ikos,0.0,0.0,0.0,58009
c_cpp,random_forest,CWE-269,joern,0.0,0.0,0.0,58009
c_cpp,random_forest,CWE-269,semgrep,0.0,0.0,0.0,58009
c_cpp,random_forest,CWE-285,codeql,0.00863914670596124,-0.006242687566919113,0.005597145093967039,58009
c_cpp,random_forest,CWE-285,cppcheck,0.0,0.0,0.0,58009
c_cpp,random_forest,CWE-285,flawfinder,0.0018061523922238444,-0.0006271767135566188,0.0006599361258318205,58009
c_cpp,random_forest,CWE-285,ikos,0.0,0.0,0.0,58009
c_cpp,random_forest,CWE-285,joern,0.0,0.0,0.0,58009
c_cpp,random_forest,CWE-285,semgrep,0.0,0.0,0.0,58009
c_cpp,random_forest,CWE-287,codeql,0.0,0.0,0.0,58009
c_cpp,random_forest,CWE-287,cppcheck,0.0,0.0,0.0,58009
c_cpp,random_forest,CWE-287,flawfinder,0.0,0.0,0.0,58009
c_cpp,random_forest,CWE-287,ikos,0.0,0.0,0.0,58009
c_cpp,random_forest,CWE-287,joern,0.0,0.0,0.0,58009
c_cpp,random_forest,CWE-287,semgrep,0.0,0.0,0.0,58009
c_cpp,random_forest,CWE-369,codeql,0.0,0.0,0.0,58009
c_cpp,random_forest,CWE-369,cppcheck,0.0005110515006822755,-0.00045281132060136204,-0.0008533267837681299,58009
c_cpp,random_forest,CWE-369,flawfinder,0.0,0.0,0.0,58009
c_cpp,random_forest,CWE-369,ikos,0.0,0.0,0.0,58009
c_cpp,random_forest,CWE-369,joern,0.0,0.0,0.0,58009
c_cpp,random_forest,CWE-369,semgrep,0.0,0.0,0.0,58009
c_cpp,random_forest,CWE-400,codeql,0.00020229916105250718,-6.630927740183646e-05,6.873402000912261e-05,58009
c_cpp,random_forest,CWE-400,cppcheck,0.0,0.0,0.0,58009
c_cpp,random_forest,CWE-400,flawfinder,0.00014882916001117584,-3.938408587875972e-05,5.526951275138443e-05,58009
c_cpp,random_forest,CWE-400,ikos,0.0,0.0,0.0,58009
c_cpp,random_forest,CWE-400,joern,0.0,0.0,0.0,58009
c_cpp,random_forest,CWE-400,semgrep,0.0,0.0,0.0,58009
c_cpp,random_forest,CWE-404,codeql,0.0003267449252141262,-0.00011082593005743056,-0.0003548559404834006,58009
c_cpp,random_forest,CWE-404,cppcheck,0.0018841761210882323,-0.0005065248724532823,0.0002728637419128051,58009
c_cpp,random_forest,CWE-404,flawfinder,0.0,0.0,0.0,58009
c_cpp,random_forest,CWE-404,ikos,0.0002649473456573808,-8.675078948690477e-05,9.100093244246577e-05,58009
c_cpp,random_forest,CWE-404,joern,0.0,0.0,0.0,58009
c_cpp,random_forest,CWE-404,semgrep,0.0,0.0,0.0,58009
c_cpp,random_forest,CWE-476,codeql,0.0,0.0,0.0,58009
c_cpp,random_forest,CWE-476,cppcheck,0.002938860982068615,-0.0006265071596579207,0.00035047805466167,58009
c_cpp,random_forest,CWE-476,flawfinder,0.0,0.0,0.0,58009
c_cpp,random_forest,CWE-476,ikos,0.003665362314031853,-0.002237486378044866,0.002168706374133987,58009
c_cpp,random_forest,CWE-476,joern,0.0,0.0,0.0,58009
c_cpp,random_forest,CWE-476,semgrep,0.0,0.0,0.0,58009
c_cpp,random_forest,CWE-662,codeql,0.00078818733867268,-0.00038792242894033986,-0.0011476166117681565,58009
c_cpp,random_forest,CWE-662,cppcheck,0.0,0.0,0.0,58009
c_cpp,random_forest,CWE-662,flawfinder,0.009170279352135722,-0.001307323929733452,0.0006288931846272043,58009
c_cpp,random_forest,CWE-662,ikos,0.0,0.0,0.0,58009
c_cpp,random_forest,CWE-662,joern,0.0,0.0,0.0,58009
c_cpp,random_forest,CWE-662,semgrep,0.0,0.0,0.0,58009
c_cpp,random_forest,CWE-665,codeql,0.0013634608273912592,-0.0011886560088941998,-0.007225421667200685,58009
c_cpp,random_forest,CWE-665,cppcheck,0.0035883693053633432,-0.0023477311130364583,-0.0027356521380175157,58009
c_cpp,random_forest,CWE-665,flawfinder,0.0,0.0,0.0,58009
c_cpp,random_forest,CWE-665,ikos,0.003171623847559438,-0.001072942714501637,0.0010494385506608507,58009
c_cpp,random_forest,CWE-665,joern,0.0,0.0,0.0,58009
c_cpp,random_forest,CWE-665,semgrep,0.0,0.0,0.0,58009
c_cpp,random_forest,CWE-668,codeql,0.00016654908359008304,-9.373595824573693e-05,-0.0004142321934855266,58009
c_cpp,random_forest,CWE-668,cppcheck,0.0,0.0,0.0,58009
c_cpp,random_forest,CWE-668,flawfinder,0.05790338806715407,-0.01917612722032493,0.0192001012429529,58009
c_cpp,random_forest,CWE-668,ikos,0.0,0.0,0.0,58009
c_cpp,random_forest,CWE-668,joern,0.0,0.0,0.0,58009
c_cpp,random_forest,CWE-668,semgrep,0.00012939337350530508,-5.010745110368635e-05,-0.0003393412762377779,58009
c_cpp,random_forest,CWE-704,codeql,0.0006698076879366835,-0.000172687719818898,-0.0012809573124340085,58009
c_cpp,random_forest,CWE-704,cppcheck,0.0001917668417003314,-5.685020814587451e-05,6.789449877362558e-05,58009
c_cpp,random_forest,CWE-704,flawfinder,0.0,0.0,0.0,58009
c_cpp,random_forest,CWE-704,ikos,0.0,0.0,0.0,58009
c_cpp,random_forest,CWE-704,joern,0.0,0.0,0.0,58009
c_cpp,random_forest,CWE-704,semgrep,0.0,0.0,0.0,58009
c_cpp,random_forest,CWE-705,codeql,0.0,0.0,0.0,58009
c_cpp,random_forest,CWE-705,cppcheck,0.0,0.0,0.0,58009
c_cpp,random_forest,CWE-705,flawfinder,0.0001852717411230908,-4.8948076550790866e-05,6.851673272158846e-05,58009
c_cpp,random_forest,CWE-705,ikos,0.0,0.0,0.0,58009
c_cpp,random_forest,CWE-705,joern,0.0,0.0,0.0,58009
c_cpp,random_forest,CWE-705,semgrep,0.0,0.0,0.0,58009
c_cpp,random_forest,CWE-706,codeql,0.0,0.0,0.0,58009
c_cpp,random_forest,CWE-706,cppcheck,0.0,0.0,0.0,58009
c_cpp,random_forest,CWE-706,flawfinder,0.0002831152477934642,-0.00010661847286418019,-0.0005425958517148757,58009
c_cpp,random_forest,CWE-706,ikos,0.0,0.0,0.0,58009
c_cpp,random_forest,CWE-706,joern,0.0,0.0,0.0,58009
c_cpp,random_forest,CWE-706,semgrep,0.0,0.0,0.0,58009
c_cpp,random_forest,CWE-754,codeql,0.003320146928717888,-0.0024423368100890772,-0.008663319641845156,58009
c_cpp,random_forest,CWE-754,cppcheck,0.000966449328601554,-0.0003205252165367207,0.0003225589149048171,58009
c_cpp,random_forest,CWE-754,flawfinder,0.0,0.0,0.0,58009
c_cpp,random_forest,CWE-754,ikos,0.0,0.0,0.0,58009
c_cpp,random_forest,CWE-754,joern,0.0,0.0,0.0,58009
c_cpp,random_forest,CWE-754,semgrep,0.0,0.0,0.0,58009
c_cpp,random_forest,CWE-834,codeql,0.002275328990693357,-0.0016879213335799133,0.001136445534372825,58009
c_cpp,random_forest,CWE-834,cppcheck,0.0,0.0,0.0,58009
c_cpp,random_forest,CWE-834,flawfinder,0.0,0.0,0.0,58009
c_cpp,random_forest,CWE-834,ikos,0.0,0.0,0.0,58009
c_cpp,random_forest,CWE-834,joern,0.0,0.0,0.0,58009
c_cpp,random_forest,CWE-834,semgrep,0.0,0.0,0.0,58009
c_cpp,gradient_boosting,CWE-20,codeql,0.007600443160401877,-0.001172512820141774,-0.007622092571260454,58009
c_cpp,gradient_boosting,CWE-20,cppcheck,0.0,0.0,0.0,58009
c_cpp,gradient_boosting,CWE-20,flawfinder,0.019114430948335558,-0.0018825782567863524,0.0027216871962391785,58009
c_cpp,gradient_boosting,CWE-20,ikos,0.0,0.0,0.0,58009
c_cpp,gradient_boosting,CWE-20,joern,0.0,0.0,0.0,58009
c_cpp,gradient_boosting,CWE-20,semgrep,0.0,0.0,0.0,58009
c_cpp,gradient_boosting,CWE-74,codeql,0.0,0.0,0.0,58009
c_cpp,gradient_boosting,CWE-74,cppcheck,0.0,0.0,0.0,58009
c_cpp,gradient_boosting,CWE-74,flawfinder,0.5045251871177163,-0.4460676129630985,0.4470182411275668,58009
c_cpp,gradient_boosting,CWE-74,ikos,0.0,0.0,0.0,58009
c_cpp,gradient_boosting,CWE-74,joern,0.01022954278761262,-0.0036943547677137064,0.0036682620444742292,58009
c_cpp,gradient_boosting,CWE-74,semgrep,0.0,0.0,0.0,58009
c_cpp,gradient_boosting,CWE-118,codeql,0.005272949894767422,-0.0014221344524875295,0.001479413254746221,58009
c_cpp,gradient_boosting,CWE-118,cppcheck,0.004101166641613809,-0.0012677977691030343,0.0013627161724078635,58009
c_cpp,gradient_boosting,CWE-118,flawfinder,0.17152122164489778,-0.02034517947486423,0.019558490294033105,58009
c_cpp,gradient_boosting,CWE-118,ikos,0.0160918717794322,-0.007412404687827822,0.007602703618467748,58009
c_cpp,gradient_boosting,CWE-118,joern,0.0008799743261394894,-1.4054619672176768e-05,4.17096564940743e-05,58009
c_cpp,gradient_boosting,CWE-118,semgrep,0.00411841712717503,-0.0008679841855483354,0.0006248160178407096,58009
c_cpp,gradient_boosting,CWE-190,codeql,0.0024643927435782443,-0.0011839141351370004,-0.0005585483960360585,58009
c_cpp,gradient_boosting,CWE-190,cppcheck,0.005393247191136623,-0.002813673518022392,0.00022220907323058882,58009
c_cpp,gradient_boosting,CWE-190,flawfinder,0.04144532589769876,-0.01280420961058178,0.008854657844067719,58009
c_cpp,gradient_boosting,CWE-190,ikos,0.03265460188991206,-0.02665703700100882,0.0263364278659788,58009
c_cpp,gradient_boosting,CWE-190,joern,0.0,0.0,0.0,58009
c_cpp,gradient_boosting,CWE-190,semgrep,0.0,0.0,0.0,58009
c_cpp,gradient_boosting,CWE-191,codeql,0.007854626554338757,-0.002614422603143588,0.0026326083686510566,58009
c_cpp,gradient_boosting,CWE-191,cppcheck,0.0,0.0,0.0,58009
c_cpp,gradient_boosting,CWE-191,flawfinder,0.0,0.0,0.0,58009
c_cpp,gradient_boosting,CWE-191,ikos,0.0084343306608654,-0.0028261291445032836,0.002816910861087773,58009
c_cpp,gradient_boosting,CWE-191,joern,0.0,0.0,0.0,58009
c_cpp,gradient_boosting,CWE-191,semgrep,0.0,0.0,0.0,58009
c_cpp,gradient_boosting,CWE-269,codeql,0.0,0.0,0.0,58009
c_cpp,gradient_boosting,CWE-269,cppcheck,0.0,0.0,0.0,58009
c_cpp,gradient_boosting,CWE-269,flawfinder,0.006209149134273594,-0.002086828606949256,0.0020641015554887666,58009
c_cpp,gradient_boosting,CWE-269,ikos,0.0,0.0,0.0,58009
c_cpp,gradient_boosting,CWE-269,joern,0.0,0.0,0.0,58009
c_cpp,gradient_boosting,CWE-269,semgrep,0.0,0.0,0.0,58009
c_cpp,gradient_boosting,CWE-285,codeql,0.05116609606771277,-0.03793457383552186,0.02479745151246417,58009
c_cpp,gradient_boosting,CWE-285,cppcheck,0.0,0.0,0.0,58009
c_cpp,gradient_boosting,CWE-285,flawfinder,0.020388510156561474,-0.007141247624052892,0.0072313116391795555,58009
c_cpp,gradient_boosting,CWE-285,ikos,0.0,0.0,0.0,58009
c_cpp,gradient_boosting,CWE-285,joern,0.0,0.0,0.0,58009
c_cpp,gradient_boosting,CWE-285,semgrep,0.0,0.0,0.0,58009
c_cpp,gradient_boosting,CWE-287,codeql,0.0,0.0,0.0,58009
c_cpp,gradient_boosting,CWE-287,cppcheck,0.0,0.0,0.0,58009
c_cpp,gradient_boosting,CWE-287,flawfinder,0.0,0.0,0.0,58009
c_cpp,gradient_boosting,CWE-287,ikos,0.0,0.0,0.0,58009
c_cpp,gradient_boosting,CWE-287,joern,0.0,0.0,0.0,58009
c_cpp,gradient_boosting,CWE-287,semgrep,0.0,0.0,0.0,58009
c_cpp,gradient_boosting,CWE-369,codeql,0.0,0.0,0.0,58009
c_cpp,gradient_boosting,CWE-369,cppcheck,0.006907914331398957,-0.00645937579083513,-0.016898566980111895,58009
c_cpp,gradient_boosting,CWE-369,flawfinder,0.0,0.0,0.0,58009
c_cpp,gradient_boosting,CWE-369,ikos,0.0,0.0,0.0,58009
c_cpp,gradient_boosting,CWE-369,joern,0.0,0.0,0.0,58009
c_cpp,gradient_boosting,CWE-369,semgrep,0.0,0.0,0.0,58009
c_cpp,gradient_boosting,CWE-400,codeql,0.002037875107542003,-0.0006903234181485908,0.0006810738821078108,58009
c_cpp,gradient_boosting,CWE-400,cppcheck,0.0,0.0,0.0,58009
c_cpp,gradient_boosting,CWE-400,flawfinder,0.0016981721886655363,-0.000528058275859774,0.000591417222576365,58009
c_cpp,gradient_boosting,CWE-400,ikos,0.0,0.0,0.0,58009
c_cpp,gradient_boosting,CWE-400,joern,0.0,0.0,0.0,58009
c_cpp,gradient_boosting,CWE-400,semgrep,0.0,0.0,0.0,58009
c_cpp,gradient_boosting,CWE-404,codeql,0.003403205956091817,-0.0018045529794424578,-0.0031777210264693915,58009
c_cpp,gradient_boosting,CWE-404,cppcheck,0.011315503063179086,-0.003946996515319196,8.763576485638675e-05,58009
c_cpp,gradient_boosting,CWE-404,flawfinder,0.0,0.0,0.0,58009
c_cpp,gradient_boosting,CWE-404,ikos,0.0019608372579535903,-0.0006800679476862299,0.0006505645891833097,58009
c_cpp,gradient_boosting,CWE-404,joern,0.0,0.0,0.0,58009
c_cpp,gradient_boosting,CWE-404,semgrep,0.0,0.0,0.0,58009
c_cpp,gradient_boosting,CWE-476,codeql,0.0,0.0,0.0,58009
c_cpp,gradient_boosting,CWE-476,cppcheck,0.012721522053032565,-0.003091960037534462,0.0009932169960556983,58009
c_cpp,gradient_boosting,CWE-476,flawfinder,0.0,0.0,0.0,58009
c_cpp,gradient_boosting,CWE-476,ikos,0.019315202607131328,-0.011936011122795132,0.01070517062481431,58009
c_cpp,gradient_boosting,CWE-476,joern,0.0,0.0,0.0,58009
c_cpp,gradient_boosting,CWE-476,semgrep,0.0,0.0,0.0,58009
c_cpp,gradient_boosting,CWE-662,codeql,0.0044168746523798475,-0.0016288124117974398,-0.011575602890703966,58009
c_cpp,gradient_boosting,CWE-662,cppcheck,0.0,0.0,0.0,58009
c_cpp,gradient_boosting,CWE-662,flawfinder,0.03606784402115616,-0.008988990529486875,-0.0017451665113702036,58009
c_cpp,gradient_boosting,CWE-662,ikos,0.0,0.0,0.0,58009
c_cpp,gradient_boosting,CWE-662,joern,0.0,0.0,0.0,58009
c_cpp,gradient_boosting,CWE-662,semgrep,0.0,0.0,0.0,58009
c_cpp,gradient_boosting,CWE-665,codeql,0.019201691976821908,-0.017817701966102856,-0.0689161648884546,58009
c_cpp,gradient_boosting,CWE-665,cppcheck,0.02498176409516345,-0.01968193058024003,-0.020864238049442256,58009
c_cpp,gradient_boosting,CWE-665,flawfinder,0.0,0.0,0.0,58009
c_cpp,gradient_boosting,CWE-665,ikos,0.02480163707517356,-0.008458891949816581,0.007995956327211638,58009
c_cpp,gradient_boosting,CWE-665,joern,0.0,0.0,0.0,58009
c_cpp,gradient_boosting,CWE-665,semgrep,0.0,0.0,0.0,58009
c_cpp,gradient_boosting,CWE-668,codeql,0.0011679548463910234,-0.000856843090485506,-0.0033637438289217106,58009
c_cpp,gradient_boosting,CWE-668,cppcheck,0.0,0.0,0.0,58009
c_cpp,gradient_boosting,CWE-668,flawfinder,0.2486427459091124,-0.08304554825187274,0.08081254292504104,58009
c_cpp,gradient_boosting,CWE-668,ikos,0.0,0.0,0.0,58009
c_cpp,gradient_boosting,CWE-668,joern,0.0,0.0,0.0,58009
c_cpp,gradient_boosting,CWE-668,semgrep,0.0012755009565580105,-0.0007568045049269524,-0.0031475988974542838,58009
c_cpp,gradient_boosting,CWE-704,codeql,0.006820167237955644,-0.004854121755001593,-0.015910029884209607,58009
c_cpp,gradient_boosting,CWE-704,cppcheck,0.0023807916681848787,-0.0007912770567442745,0.0008004458947129359,58009
c_cpp,gradient_boosting,CWE-704,flawfinder,0.0,0.0,0.0,58009
c_cpp,gradient_boosting,CWE-704,ikos,0.0,0.0,0.0,58009
c_cpp,gradient_boosting,CWE-704,joern,0.0,0.0,0.0,58009
c_cpp,gradient_boosting,CWE-704,semgrep,0.0,0.0,0.0,58009
c_cpp,gradient_boosting,CWE-705,codeql,0.0,0.0,0.0,58009
c_cpp,gradient_boosting,CWE-705,cppcheck,0.0,0.0,0.0,58009
c_cpp,gradient_boosting,CWE-705,flawfinder,0.0023843502840147947,-0.0007801253343398422,0.0008066139157993577,58009
c_cpp,gradient_boosting,CWE-705,ikos,0.0,0.0,0.0,58009
c_cpp,gradient_boosting,CWE-705,joern,0.0,0.0,0.0,58009
c_cpp,gradient_boosting,CWE-705,semgrep,0.0,0.0,0.0,58009
c_cpp,gradient_boosting,CWE-706,codeql,0.0,0.0,0.0,58009
c_cpp,gradient_boosting,CWE-706,cppcheck,0.0,0.0,0.0,58009
c_cpp,gradient_boosting,CWE-706,flawfinder,0.002384139296227692,-0.0016523222649027795,-0.005913443743538004,58009
c_cpp,gradient_boosting,CWE-706,ikos,0.0,0.0,0.0,58009
c_cpp,gradient_boosting,CWE-706,joern,0.0,0.0,0.0,58009
c_cpp,gradient_boosting,CWE-706,semgrep,0.0,0.0,0.0,58009
c_cpp,gradient_boosting,CWE-754,codeql,0.026304994936275656,-0.020979431038274324,-0.08984043053759581,58009
c_cpp,gradient_boosting,CWE-754,cppcheck,0.011075185701831807,-0.0037197044499491533,0.0036727929881199975,58009
c_cpp,gradient_boosting,CWE-754,flawfinder,0.0,0.0,0.0,58009
c_cpp,gradient_boosting,CWE-754,ikos,0.0,0.0,0.0,58009
c_cpp,gradient_boosting,CWE-754,joern,0.0,0.0,0.0,58009
c_cpp,gradient_boosting,CWE-754,semgrep,0.0,0.0,0.0,58009
c_cpp,gradient_boosting,CWE-834,codeql,0.016749478481742304,-0.013962228392584843,-0.00686567735154591,58009
c_cpp,gradient_boosting,CWE-834,cppcheck,0.0,0.0,0.0,58009
c_cpp,gradient_boosting,CWE-834,flawfinder,0.0,0.0,0.0,58009
c_cpp,gradient_boosting,CWE-834,ikos,0.0,0.0,0.0,58009
c_cpp,gradient_boosting,CWE-834,joern,0.0,0.0,0.0,58009
c_cpp,gradient_boosting,CWE-834,semgrep,0.0,0.0,0.0,58009
c_cpp,xgboost,CWE-20,codeql,0.006179074756801128,-0.0008465064456686378,-0.002132289344444871,58009
c_cpp,xgboost,CWE-20,cppcheck,0.0,0.0,0.0,58009
c_cpp,xgboost,CWE-20,flawfinder,0.0155798876658082,-0.0010925095994025469,0.0002951772476080805,58009
c_cpp,xgboost,CWE-20,ikos,0.0,0.0,0.0,58009
c_cpp,xgboost,CWE-20,joern,0.0,0.0,0.0,58009
c_cpp,xgboost,CWE-20,semgrep,0.0,0.0,0.0,58009
c_cpp,xgboost,CWE-74,codeql,0.0,0.0,0.0,58009
c_cpp,xgboost,CWE-74,cppcheck,0.0,0.0,0.0,58009
c_cpp,xgboost,CWE-74,flawfinder,0.3176001310348511,-0.25413841009140015,0.6348890662193298,58009
c_cpp,xgboost,CWE-74,ikos,0.0,0.0,0.0,58009
c_cpp,xgboost,CWE-74,joern,0.00331816915422678,-0.001617673086002469,0.0007681596325710416,58009
c_cpp,xgboost,CWE-74,semgrep,0.0,0.0,0.0,58009
c_cpp,xgboost,CWE-118,codeql,0.0042653633281588554,-0.0016567425336688757,3.1242281693266705e-05,58009
c_cpp,xgboost,CWE-118,cppcheck,0.003619240364059806,-0.0011288858950138092,0.0009699502843432128,58009
c_cpp,xgboost,CWE-118,flawfinder,0.1848851442337036,-0.021183563396334648,0.02265436202287674,58009
c_cpp,xgboost,CWE-118,ikos,0.015410111285746098,-0.005729906726628542,0.012273618951439857,58009
c_cpp,xgboost,CWE-118,joern,0.0013228415045887232,3.447390554356389e-05,-5.618613795377314e-05,58009
c_cpp,xgboost,CWE-118,semgrep,0.003791035618633032,-0.000844081339892,0.00044651140342466533,58009
c_cpp,xgboost,CWE-190,codeql,0.002277915831655264,-0.0010766912018880248,-6.297368236118928e-05,58009
c_cpp,xgboost,CWE-190,cppcheck,0.0045159501023590565,-0.0020237232092767954,0.0011058492818847299,58009
c_cpp,xgboost,CWE-190,flawfinder,0.038452886044979095,-0.010203944519162178,0.012144501321017742,58009
c_cpp,xgboost,CWE-190,ikos,0.024830380454659462,-0.018112018704414368,0.042384810745716095,58009
c_cpp,xgboost,CWE-190,joern,0.0,0.0,0.0,58009
c_cpp,xgboost,CWE-190,semgrep,0.0,0.0,0.0,58009
c_cpp,xgboost,CWE-191,codeql,0.002983448328450322,-0.0014174784300848842,0.0007876521558500826,58009
c_cpp,xgboost,CWE-191,cppcheck,0.0,0.0,0.0,58009
c_cpp,xgboost,CWE-191,flawfinder,0.0,0.0,0.0,58009
c_cpp,xgboost,CWE-191,ikos,0.0033091704826802015,-0.0015880381688475609,0.00086544657824561,58009
c_cpp,xgboost,CWE-191,joern,0.0,0.0,0.0,58009
c_cpp,xgboost,CWE-191,semgrep,0.0,0.0,0.0,58009
c_cpp,xgboost,CWE-269,codeql,0.0,0.0,0.0,58009
c_cpp,xgboost,CWE-269,cppcheck,0.0,0.0,0.0,58009
c_cpp,xgboost,CWE-269,flawfinder,0.0021118992008268833,-0.0009523624903522432,0.0005809379508718848,58009
c_cpp,xgboost,CWE-269,ikos,0.0,0.0,0.0,58009
c_cpp,xgboost,CWE-269,joern,0.0,0.0,0.0,58009
c_cpp,xgboost,CWE-269,semgrep,0.0,0.0,0.0,58009
c_cpp,xgboost,CWE-285,codeql,0.03837129473686218,-0.02397473342716694,0.03877835348248482,58009
c_cpp,xgboost,CWE-285,cppcheck,0.0,0.0,0.0,58009
c_cpp,xgboost,CWE-285,flawfinder,0.012606844305992126,-0.007868976332247257,0.002557439496740699,58009
c_cpp,xgboost,CWE-285,ikos,0.0,0.0,0.0,58009
c_cpp,xgboost,CWE-285,joern,0.0,0.0,0.0,58009
c_cpp,xgboost,CWE-285,semgrep,0.0,0.0,0.0,58009
c_cpp,xgboost,CWE-287,codeql,0.0038954110350459814,-0.0038954298943281174,-0.0038920105434954166,58009
c_cpp,xgboost,CWE-287,cppcheck,0.0,0.0,0.0,58009
c_cpp,xgboost,CWE-287,flawfinder,0.0,0.0,0.0,58009
c_cpp,xgboost,CWE-287,ikos,0.0,0.0,0.0,58009
c_cpp,xgboost,CWE-287,joern,0.0,0.0,0.0,58009
c_cpp,xgboost,CWE-287,semgrep,0.0,0.0,0.0,58009
c_cpp,xgboost,CWE-369,codeql,0.0,0.0,0.0,58009
c_cpp,xgboost,CWE-369,cppcheck,0.004754974041134119,-0.004115849267691374,-0.00443293945863843,58009
c_cpp,xgboost,CWE-369,flawfinder,0.0,0.0,0.0,58009
c_cpp,xgboost,CWE-369,ikos,0.004675902891904116,-0.0045279753394424915,-0.004598171915858984,58009
c_cpp,xgboost,CWE-369,joern,0.0,0.0,0.0,58009
c_cpp,xgboost,CWE-369,semgrep,0.0,0.0,0.0,58009
c_cpp,xgboost,CWE-400,codeql,0.00046124288928695023,-0.00013089526328258216,0.00016678034444339573,58009
c_cpp,xgboost,CWE-400,cppcheck,0.0,0.0,0.0,58009
c_cpp,xgboost,CWE-400,flawfinder,0.00014620569709222764,3.402964648557827e-05,9.073153341887519e-05,58009
c_cpp,xgboost,CWE-400,ikos,0.0,0.0,0.0,58009
c_cpp,xgboost,CWE-400,joern,0.0,0.0,0.0,58009
c_cpp,xgboost,CWE-400,semgrep,0.0,0.0,0.0,58009
c_cpp,xgboost,CWE-404,codeql,0.002455479931086302,-0.0019032317213714123,-0.0026402033399790525,58009
c_cpp,xgboost,CWE-404,cppcheck,0.009099427610635757,-0.004506561905145645,-0.0006570705445483327,58009
c_cpp,xgboost,CWE-404,flawfinder,0.0,0.0,0.0,58009
c_cpp,xgboost,CWE-404,ikos,0.0005008678417652845,-0.00015572473057545722,0.00017616058175917715,58009
c_cpp,xgboost,CWE-404,joern,0.0,0.0,0.0,58009
c_cpp,xgboost,CWE-404,semgrep,0.0,0.0,0.0,58009
c_cpp,xgboost,CWE-476,codeql,0.0,0.0,0.0,58009
c_cpp,xgboost,CWE-476,cppcheck,0.012079626321792603,-0.0026373753789812326,0.0013788698706775904,58009
c_cpp,xgboost,CWE-476,flawfinder,0.0,0.0,0.0,58009
c_cpp,xgboost,CWE-476,ikos,0.015704642981290817,-0.008253226056694984,0.014489859342575073,58009
c_cpp,xgboost,CWE-476,joern,0.0,0.0,0.0,58009
c_cpp,xgboost,CWE-476,semgrep,0.0,0.0,0.0,58009
c_cpp,xgboost,CWE-662,codeql,0.004917939659208059,-0.0035285174380987883,-0.005970303434878588,58009
c_cpp,xgboost,CWE-662,cppcheck,0.0,0.0,0.0,58009
c_cpp,xgboost,CWE-662,flawfinder,0.03750445693731308,-0.005896042566746473,0.0007333828834816813,58009
c_cpp,xgboost,CWE-662,ikos,0.0,0.0,0.0,58009
c_cpp,xgboost,CWE-662,joern,0.0,0.0,0.0,58009
c_cpp,xgboost,CWE-662,semgrep,0.0,0.0,0.0,58009
c_cpp,xgboost,CWE-665,codeql,0.007402902934700251,-0.006488689687103033,-0.01857144385576248,58009
c_cpp,xgboost,CWE-665,cppcheck,0.02531120367348194,-0.02206987701356411,-0.028910255059599876,58009
c_cpp,xgboost,CWE-665,flawfinder,0.0,0.0,0.0,58009
c_cpp,xgboost,CWE-665,ikos,0.020571189001202583,-0.012337077409029007,0.004140105564147234,58009
c_cpp,xgboost,CWE-665,joern,0.0,0.0,0.0,58009
c_cpp,xgboost,CWE-665,semgrep,0.0,0.0,0.0,58009
c_cpp,xgboost,CWE-668,codeql,0.0001866632082965225,-0.00010237411333946511,-0.00020386281539686024,58009
c_cpp,xgboost,CWE-668,cppcheck,0.0,0.0,0.0,58009
c_cpp,xgboost,CWE-668,flawfinder,0.24350710213184357,-0.07381085306406021,0.09239102154970169,58009
c_cpp,xgboost,CWE-668,ikos,0.0,0.0,0.0,58009
c_cpp,xgboost,CWE-668,joern,0.0,0.0,0.0,58009
c_cpp,xgboost,CWE-668,semgrep,0.000970522640272975,-0.0007681553834117949,-0.0017241230234503746,58009
c_cpp,xgboost,CWE-704,codeql,0.0050744954496622086,-0.0036113604437559843,-0.009826190769672394,58009
c_cpp,xgboost,CWE-704,cppcheck,9.91810520645231e-05,3.709484371938743e-05,6.830754136899486e-05,58009
c_cpp,xgboost,CWE-704,flawfinder,0.0,0.0,0.0,58009
c_cpp,xgboost,CWE-704,ikos,0.0,0.0,0.0,58009
c_cpp,xgboost,CWE-704,joern,0.0,0.0,0.0,58009
c_cpp,xgboost,CWE-704,semgrep,0.0,0.0,0.0,58009
c_cpp,xgboost,CWE-705,codeql,0.0,0.0,0.0,58009
c_cpp,xgboost,CWE-705,cppcheck,0.0,0.0,0.0,58009
c_cpp,xgboost,CWE-705,flawfinder,0.00014589764759875834,3.295460555818863e-05,8.99114747880958e-05,58009
c_cpp,xgboost,CWE-705,ikos,0.0,0.0,0.0,58009
c_cpp,xgboost,CWE-705,joern,0.0,0.0,0.0,58009
c_cpp,xgboost,CWE-705,semgrep,0.0,0.0,0.0,58009
c_cpp,xgboost,CWE-706,codeql,0.0,0.0,0.0,58009
c_cpp,xgboost,CWE-706,cppcheck,0.0,0.0,0.0,58009
c_cpp,xgboost,CWE-706,flawfinder,0.0026574409566819668,-0.0018110957462340593,-0.0037947911769151688,58009
c_cpp,xgboost,CWE-706,ikos,0.0,0.0,0.0,58009
c_cpp,xgboost,CWE-706,joern,0.0,0.0,0.0,58009
c_cpp,xgboost,CWE-706,semgrep,0.0,0.0,0.0,58009
c_cpp,xgboost,CWE-754,codeql,0.016040557995438576,-0.011911753565073013,-0.044022344052791595,58009
c_cpp,xgboost,CWE-754,cppcheck,0.004758349619805813,-0.002408564556390047,0.0011757718166336417,58009
c_cpp,xgboost,CWE-754,flawfinder,0.0,0.0,0.0,58009
c_cpp,xgboost,CWE-754,ikos,0.0,0.0,0.0,58009
c_cpp,xgboost,CWE-754,joern,0.0,0.0,0.0,58009
c_cpp,xgboost,CWE-754,semgrep,0.0,0.0,0.0,58009
c_cpp,xgboost,CWE-834,codeql,0.011649028398096561,-0.008647482842206955,0.0012498704018071294,58009
c_cpp,xgboost,CWE-834,cppcheck,0.0,0.0,0.0,58009
c_cpp,xgboost,CWE-834,flawfinder,0.0,0.0,0.0,58009
c_cpp,xgboost,CWE-834,ikos,0.0,0.0,0.0,58009
c_cpp,xgboost,CWE-834,joern,0.0,0.0,0.0,58009
c_cpp,xgboost,CWE-834,semgrep,0.0,0.0,0.0,58009
