language,baseline,base_strategy,tau,f1_macro,f1_weighted,precision_weighted,recall_weighted,mean_difference,weighted_difference,n_pairs,n_nonzero_pairs,p_value,status
c_cpp,traditional_2_of_6,bks,0.01,0.035279279624868834,0.15759967920906048,0.0927999317520706,0.8694204831646924,0.030087137129015486,0.13361977094727323,20,12,0.0037017494066892425,incremento_statistico
c_cpp,traditional_2_of_6,bks,0.02,0.04814457336649366,0.16893694564269637,0.10752660663215322,0.7291904945157113,0.04295243087064031,0.1449570373809091,20,11,0.009925485845323257,incremento_statistico
c_cpp,traditional_2_of_6,bks,0.03,0.04633403288445714,0.16693118348973204,0.1133707673682024,0.553963625765828,0.041141890388603795,0.1429512752279448,20,10,0.016604878103722735,incremento_statistico
c_cpp,traditional_2_of_6,bks,0.04,0.042164281832296514,0.16197672363826318,0.11218692593697746,0.47322975535532225,0.03697213933644317,0.1379968153764759,20,10,0.04685328478814715,inconcludente
c_cpp,traditional_2_of_6,bks,0.05,0.04071407599936368,0.16083586085133542,0.11642586884547158,0.4719717377208921,0.035521933503510336,0.13685595258954816,20,10,0.05933611988090862,inconcludente
c_cpp,traditional_2_of_6,bks,0.06,0.03865056667257346,0.1586516443461296,0.1230535134382274,0.46957938711660535,0.03345842417672011,0.13467173608434235,20,9,0.10974463874701328,inconcludente
c_cpp,traditional_2_of_6,bks,0.07,0.03343012236068329,0.15283462327507363,0.12309292448705986,0.4561936882446819,0.028237979864829947,0.12885471501328635,20,8,0.2626182904425206,inconcludente
c_cpp,traditional_2_of_6,bks,0.08,0.03342956438178076,0.15282966674042842,0.12309085769592402,0.4561517278552895,0.02823742188592742,0.12884975847864114,20,8,0.2626182904425206,inconcludente
c_cpp,traditional_2_of_6,bks,0.09,0.03332181117167442,0.15270252591010824,0.12511983123379317,0.45606774734641303,0.02812966867582108,0.12872261764832096,20,8,0.2626182904425206,inconcludente
c_cpp,traditional_2_of_6,bks,0.1,0.03333054499719026,0.1527050609272932,0.12715930569479525,0.4560257869570206,0.028138402501336923,0.1287251526655059,20,8,0.2626182904425206,inconcludente
c_cpp,traditional_2_of_6,bks,0.2,0.03119281031921925,0.14262108563077022,0.1408535714805545,0.1764440597336323,0.02600066782336591,0.11864117736898293,20,7,0.49896229860376107,inconcludente
c_cpp,traditional_2_of_6,bks,0.3,0.01702358175233785,0.02581067383166905,0.29786813922646155,0.017120965951093425,0.01183143925648451,0.00183076556988176,20,7,0.3104944343172349,inconcludente
c_cpp,traditional_2_of_6,bks,0.4,0.0018562574131433828,0.011054853447113155,0.3583666686253915,0.005622841927430244,-0.003335885082709958,-0.012925054814674134,20,6,0.027707849358079864,inconcludente
c_cpp,traditional_2_of_6,bks,0.5,0.0017368063867817091,0.009993768255741626,0.3602087983229321,0.005077356865328866,-0.0034553361090716313,-0.013986140006045663,20,6,0.027707849358079864,inconcludente
c_cpp,traditional_2_of_6,bks,0.6,0.0014806054137713612,0.007717931314390052,0.3836357300300394,0.003902465962341287,-0.0037115370820819797,-0.016261976947397238,20,6,0.027707849358079864,inconcludente
c_cpp,traditional_2_of_6,bks,0.7,0.0010790622119321548,0.00415101725642765,0.41339157085711087,0.0020981692184675045,-0.004113080283921186,-0.01982889100535964,20,6,0.027707849358079864,inconcludente
c_cpp,traditional_2_of_6,bks,0.8,0.0002829361200912212,0.0003338437267944419,0.035397784491440085,0.0001678121161414947,-0.0049092063757621195,-0.023646064534992847,20,6,0.027707849358079864,inconcludente
c_cpp,traditional_2_of_6,bks,0.9,0.0,0.0,0.0,0.0,-0.005192142495853341,-0.02397990826178729,20,6,0.027707849358079864,inconcludente
c_cpp,traditional_2_of_6,naive_bayes,0.01,0.035206663351578855,0.15758687076432484,0.09274419434123696,0.8696723917433973,0.030014520855725514,0.13360696250253754,20,12,0.0037017494066892425,incremento_statistico
c_cpp,traditional_2_of_6,naive_bayes,0.02,0.048046838048774215,0.16887921120053406,0.10728260382015062,0.7293584804086297,0.042854695552920874,0.14489930293874678,20,11,0.009925485845323257,incremento_statistico
c_cpp,traditional_2_of_6,naive_bayes,0.03,0.04583509096213094,0.16680974991319988,0.11274967425148434,0.5540894413607462,0.0406429484662776,0.14282984165141263,20,10,0.016604878103722735,incremento_statistico
c_cpp,traditional_2_of_6,naive_bayes,0.04,0.04210073763530885,0.16194179416451907,0.11190490070875317,0.47339774931568157,0.03690859513945551,0.13796188590273178,20,10,0.04685328478814715,inconcludente
c_cpp,traditional_2_of_6,naive_bayes,0.05,0.040836424280208235,0.16125377298959628,0.11259043322791742,0.47285347598492056,0.03564428178435489,0.137273864727809,20,9,0.0663160312989308,inconcludente
c_cpp,traditional_2_of_6,naive_bayes,0.06,0.0392451955002751,0.15974023935919393,0.12074968719414374,0.470795996552576,0.03405305300442176,0.13576033109740662,20,8,0.09289194088370532,inconcludente
c_cpp,traditional_2_of_6,naive_bayes,0.07,0.03369385343642065,0.15321690158807733,0.12267249395773135,0.45648738636658276,0.02850171094056731,0.12923699332629002,20,8,0.2626182904425206,inconcludente
c_cpp,traditional_2_of_6,naive_bayes,0.08,0.033445345581141886,0.15288463028646546,0.12277347223556576,0.4562776687535584,0.02825320308528854,0.12890472202467818,20,8,0.2626182904425206,inconcludente
c_cpp,traditional_2_of_6,naive_bayes,0.09,0.033392566536377434,0.1528223549113909,0.1237154300861783,0.4562356784991202,0.028200424040524096,0.12884244664960365,20,8,0.2626182904425206,inconcludente
c_cpp,traditional_2_of_6,naive_bayes,0.1,0.033401808477185005,0.1528332597190239,0.1249300599461787,0.4562356784991202,0.028209665981331667,0.12885335145723661,20,8,0.2626182904425206,inconcludente
c_cpp,traditional_2_of_6,naive_bayes,0.2,0.031283378165486306,0.1433276574802518,0.13962945681808941,0.17850017854395223,0.026091235669632968,0.11934774921846451,20,7,0.49896229860376107,inconcludente
c_cpp,traditional_2_of_6,naive_bayes,0.3,0.019390998494113472,0.038034791682851676,0.19452782188679776,0.024169836493609306,0.014198855998260129,0.014054883421064392,20,7,0.7353166906373405,inconcludente
c_cpp,traditional_2_of_6,naive_bayes,0.4,0.002953661191218882,0.020264469759489024,0.23784237364704752,0.010700078908958115,-0.002238481304634459,-0.003715438502298265,20,6,0.027707849358079864,inconcludente
c_cpp,traditional_2_of_6,naive_bayes,0.5,0.0017699342024279038,0.009749405831700749,0.24028514744773868,0.004993465951589871,-0.003422208293425437,-0.014230502430086542,20,6,0.027707849358079864,inconcludente
c_cpp,traditional_2_of_6,naive_bayes,0.6,0.0007923793351758167,0.005946080435744532,0.24647453387006618,0.003021207766345438,-0.004399763160677525,-0.018033827826042757,20,6,0.027707849358079864,inconcludente
c_cpp,traditional_2_of_6,naive_bayes,0.7,0.000487164136517741,0.004327486056596415,0.2654953754053021,0.002181940248405505,-0.0047049783593356,-0.01965242220519087,20,6,0.027707849358079864,inconcludente
c_cpp,traditional_2_of_6,naive_bayes,0.8,0.00015085007867710103,0.0013400034263151347,0.38196962067807994,0.000671366230278617,-0.005041292417176241,-0.022639904835472156,20,6,0.027707849358079864,inconcludente
c_cpp,traditional_2_of_6,naive_bayes,0.9,2.831969932545195e-05,0.00025156429788511986,0.17766028868747902,0.0001258811681772407,-0.005163822796527889,-0.02372834396390217,20,6,0.027707849358079864,inconcludente
